[
{"file_urls": ["https://www.edt-sg.com/intranet/fondos/FRH18/MFRH18E11200630.pdf"], "files": [{"url": "https://www.edt-sg.com/intranet/fondos/FRH18/MFRH18A01200630.pdf", "path": "full/041f199e56026a71cb5ad73196b8d740c3f651d4.pdf", "checksum": "ac5cafa69d085841a9181915e1100545"}]},
{"file_urls": ["https://www.edt-sg.com/intranet/fondos/FRH18/MFRH18E11200630.pdf"], "files": [{"url": "https://www.edt-sg.com/intranet/fondos/FRH18/MFRH18A02200630.pdf", "path": "full/76bfb7a970773e46d7c1798b23e89eafe41857be.pdf", "checksum": "9ddc860b15e2522b6b949d21a55ea765"}]},
{"file_urls": ["https://www.edt-sg.com/intranet/fondos/FRH18/MFRH18E11200630.pdf"], "files": [{"url": "https://www.edt-sg.com/intranet/fondos/FRH18/MFRH18A03200630.pdf", "path": "full/4b60bf4b30a86f23e9fff94dcd29c43d10665cfb.pdf", "checksum": "fd97f71d2c9a6c0fc7785c597749047e"}]},
{"file_urls": ["https://www.edt-sg.com/intranet/fondos/FRH18/MFRH18E11200630.pdf"], "files": [{"url": "https://www.edt-sg.com/intranet/fondos/FRH18/MFRH18A05200630.pdf", "path": "full/52c4b8dfc2209e379894eaf5ecd92bc4fb981b12.pdf", "checksum": "49e04a17556182d8b37791f21aa4ec21"}]},
{"file_urls": ["https://www.edt-sg.com/intranet/fondos/FRH18/MFRH18E11200630.pdf"], "files": [{"url": "https://www.edt-sg.com/intranet/fondos/FRH18/MFRH18A04200630.pdf", "path": "full/1440be0473bf34148e7cf77f7a4db0c363e51a47.pdf", "checksum": "f836c4f0f213f3fde3de307356e41a12"}]},
{"file_urls": ["https://www.edt-sg.com/intranet/fondos/FRH18/MFRH18E11200630.pdf"], "files": [{"url": "https://www.edt-sg.com/intranet/fondos/FRH18/MFRH18A08200630.pdf", "path": "full/e3ecf03be26826c3c711ce45584a776d6a3af553.pdf", "checksum": "c844ecb73d5ea62b00e2969156c1f095"}]},
{"file_urls": ["https://www.edt-sg.com/intranet/fondos/FRH18/MFRH18E11200630.pdf"], "files": [{"url": "https://www.edt-sg.com/intranet/fondos/FRH18/MFRH18E01200630.pdf", "path": "full/9967d0fb8e2f7c6bdf225629182615d6ff3d1215.pdf", "checksum": "37e13c7599dc6cfdd99a7995922cba72"}]},
{"file_urls": ["https://www.edt-sg.com/intranet/fondos/FRH18/MFRH18E11200630.pdf"], "files": [{"url": "https://www.edt-sg.com/intranet/fondos/FRH18/MFRH18A06200630.pdf", "path": "full/0ad25b5173843d6adc3b1f2be572e3a96d37bb74.pdf", "checksum": "b688cdf0575dbcf0f282ccab51abeff6"}]},
{"file_urls": ["https://www.edt-sg.com/intranet/fondos/FRH18/MFRH18E11200630.pdf"], "files": [{"url": "https://www.edt-sg.com/intranet/fondos/FRH18/MFRH18A13200630.pdf", "path": "full/3e6aba3adb7999c518676162a3fee46aab373cb3.pdf", "checksum": "17d41f90f0355011bce7082150b6d6dc"}]},
{"file_urls": ["https://www.edt-sg.com/intranet/fondos/FRH18/MFRH18E11200630.pdf"], "files": [{"url": "https://www.edt-sg.com/intranet/fondos/FRH18/MFRH18E11200630.pdf", "path": "full/e0751da3b8f8b1ef915fdb97922ffaf36b0b18ac.pdf", "checksum": "6ba769c01e59041f1631f46ff5379154"}]},
{"file_urls": ["https://www.edt-sg.com/intranet/fondos/FRH18/MFRH18E11200630.pdf"], "files": [{"url": "https://www.edt-sg.com/intranet/fondos/FRH18/MFRH18E10200630.pdf", "path": "full/f61b3169ef632b04d28d5d39a7024cc9735cbf24.pdf", "checksum": "1f31b8b656f111b0c077c71cf96ba3a7"}]},
{"file_urls": ["https://www.edt-sg.com/intranet/fondos/FRH18/MFRH18E11200630.pdf"], "files": [{"url": "https://www.edt-sg.com/intranet/fondos/FRH18/MFRH18E03200630.pdf", "path": "full/4ab7a332da9e238d3347176322c6fa2b7dd8bddd.pdf", "checksum": "7c8d3ac6121bb7b78ee9b39961080456"}]},
{"file_urls": ["https://www.edt-sg.com/intranet/fondos/FRH18/MFRH18E11200630.pdf"], "files": [{"url": "https://www.edt-sg.com/intranet/fondos/FRH18/MFRH18E02200630.pdf", "path": "full/1284031b9a801fd5ea03c9320244dcbc8dbb4aae.pdf", "checksum": "647231505a53b9b5e8675d1c31fec833"}]},
{"file_urls": ["https://www.edt-sg.com/intranet/fondos/FRH18/MFRH18E11200630.pdf"], "files": [{"url": "https://www.edt-sg.com/intranet/fondos/FRH18/MFRH18A07200630.pdf", "path": "full/58977dbb6885c34788b095abc849b3d3d5ba5b2e.pdf", "checksum": "48e1ce025673da792c58337ba2fac15d"}]},
{"file_urls": ["https://www.edt-sg.com/intranet/fondos/FRH18/MFRH18E11200630.pdf"], "files": [{"url": "https://www.edt-sg.com/intranet/fondos/FRH18/MFRH18E04200630.pdf", "path": "full/05356704f0fe4b0cec820c980c7c8e96e4ca1f0e.pdf", "checksum": "b5a2052a636c920d27685f36aec12c84"}]},
{"file_urls": ["https://www.edt-sg.com/intranet/fondos/FBC10/MFBC10E07200630.pdf"], "files": [{"url": "https://www.edt-sg.com/intranet/fondos/FBC10/MFBC10A03200630.pdf", "path": "full/8137280d14d188c2dcbc7c1cbf00bdb5e679cba4.pdf", "checksum": "39d088cd62a37d9656bcea34e07c4597"}]},
{"file_urls": ["https://www.edt-sg.com/intranet/fondos/FBC10/MFBC10E07200630.pdf"], "files": [{"url": "https://www.edt-sg.com/intranet/fondos/FBC10/MFBC10A05200630.pdf", "path": "full/4202d46ff641c115be23ca2b0c5d87b1eda9caad.pdf", "checksum": "b2cf7cf98cb0a8bddeeb220611865046"}]},
{"file_urls": ["https://www.edt-sg.com/intranet/fondos/FBC10/MFBC10E07200630.pdf"], "files": [{"url": "https://www.edt-sg.com/intranet/fondos/FBC10/MFBC10A02200630.pdf", "path": "full/15915062a94f4a1b7b211a188e9cc8d8a4ceb475.pdf", "checksum": "190c34d1ea87f023869f7c17828f7d3c"}]},
{"file_urls": ["https://www.edt-sg.com/intranet/fondos/FBC10/MFBC10E07200630.pdf"], "files": [{"url": "https://www.edt-sg.com/intranet/fondos/FBC10/MFBC10A04200630.pdf", "path": "full/ba7f6060b1aa79f8a089d8bbca0165ada1ffcbac.pdf", "checksum": "5b45ae8e486ae6f4e5bba0d71e5808f7"}]},
{"file_urls": ["https://www.edt-sg.com/intranet/fondos/FBC10/MFBC10E07200630.pdf"], "files": [{"url": "https://www.edt-sg.com/intranet/fondos/FBC10/MFBC10A01200630.pdf", "path": "full/2701daf576b245c9e2b0d21a3a9eae33206f6335.pdf", "checksum": "81217c773e5f9da2628c70b54e0ebd73"}]},
{"file_urls": ["https://www.edt-sg.com/intranet/fondos/FBC10/MFBC10E07200630.pdf"], "files": [{"url": "https://www.edt-sg.com/intranet/fondos/FBC10/MFBC10E01200630.pdf", "path": "full/fa191881fc266a8c36903f447c72ab5f9aa5c62a.pdf", "checksum": "e473deb7e9f22a394c6215bde4a1b9e1"}]},
{"file_urls": ["https://www.edt-sg.com/intranet/fondos/FBC10/MFBC10E07200630.pdf"], "files": [{"url": "https://www.edt-sg.com/intranet/fondos/FBC10/MFBC10A06200630.pdf", "path": "full/f5a26aaaeff67afa291554b45cc03feed776f9f7.pdf", "checksum": "567fd6645c4a55b1bdfe0111a70cf713"}]},
{"file_urls": ["https://www.edt-sg.com/intranet/fondos/FBC10/MFBC10E07200630.pdf"], "files": [{"url": "https://www.edt-sg.com/intranet/fondos/FBC10/MFBC10A13200630.pdf", "path": "full/0a3441dc47a6ff5e176d93e057f21d69d91a2c6f.pdf", "checksum": "0922ebe94bd147881afdc4454481224f"}]},
{"file_urls": ["https://www.edt-sg.com/intranet/fondos/FBC10/MFBC10E07200630.pdf"], "files": [{"url": "https://www.edt-sg.com/intranet/fondos/FBC10/MFBC10E02200630.pdf", "path": "full/f191693958417cd8c051fde4e86836e9ab569fc8.pdf", "checksum": "7e95fbad7303ed12e0e555288338a5d8"}]},
{"file_urls": ["https://www.edt-sg.com/intranet/fondos/FBC10/MFBC10E07200630.pdf"], "files": [{"url": "https://www.edt-sg.com/intranet/fondos/FBC10/MFBC10E06200630.pdf", "path": "full/353f0b98b9f2c8eb10da84eeb69c25f069350434.pdf", "checksum": "bc112b2750da0db532eee7b6c7ad4f20"}]},
{"file_urls": ["https://www.edt-sg.com/intranet/fondos/FBVC7/MFBVC7E10200630.pdf"], "files": [{"url": "https://www.edt-sg.com/intranet/fondos/FBVC7/MFBVC7A02200630.pdf", "path": "full/d029632e113097b552e1c878914c7c6511e456a4.pdf", "checksum": "fa3912ca747d247f1a99164d1fd7ee32"}]},
{"file_urls": ["https://www.edt-sg.com/intranet/fondos/FBC10/MFBC10E07200630.pdf"], "files": [{"url": "https://www.edt-sg.com/intranet/fondos/FBC10/MFBC10E04200630.pdf", "path": "full/4f89828e0c3bb1fad26a243228db4e139667559c.pdf", "checksum": "d5cd3a819f25da73f2df177a37e5736c"}]},
{"file_urls": ["https://www.edt-sg.com/intranet/fondos/FBVC7/MFBVC7E10200630.pdf"], "files": [{"url": "https://www.edt-sg.com/intranet/fondos/FBVC7/MFBVC7A01200630.pdf", "path": "full/2e8cd9e08f5d2153ceb936fbfd8fd397400ff65c.pdf", "checksum": "524f2dd44ecf673baa24dba3b4e9388e"}]},
{"file_urls": ["https://www.edt-sg.com/intranet/fondos/FBC10/MFBC10E07200630.pdf"], "files": [{"url": "https://www.edt-sg.com/intranet/fondos/FBC10/MFBC10E03200630.pdf", "path": "full/e39f6c813889c4d97aea1c19f005244a30a0effd.pdf", "checksum": "27ccc607965a802ed927377d882f6cf1"}]},
