[
{"file_urls": ["https://www.edt-sg.com/intranet/fondos/FBSC1/MFBSC1E15200630.pdf"], "files": [{"url": "https://www.edt-sg.com/intranet/fondos/FBSC1/MFBSC1A01200630.pdf", "path": "full/df8583121a9bae1c5b412f2278b045dc4580649a.pdf", "checksum": "c3536cbb5f3dbac37e79700591dfd3c6"}]},
{"file_urls": ["https://www.edt-sg.com/intranet/fondos/FBSC1/MFBSC1E15200630.pdf"], "files": [{"url": "https://www.edt-sg.com/intranet/fondos/FBSC1/MFBSC1A04200630.pdf", "path": "full/127268dba6434a4497a7618464429ead2815712e.pdf", "checksum": "c0bbeb3cc22f2b7a33c001da8964b256"}]},
{"file_urls": ["https://www.edt-sg.com/intranet/fondos/FBSC1/MFBSC1E15200630.pdf"], "files": [{"url": "https://www.edt-sg.com/intranet/fondos/FBSC1/MFBSC1A03200630.pdf", "path": "full/fa33ad7a7a1ffda5bc4a5ce8fe74ad86440a728d.pdf", "checksum": "9c7060f10e6b373b5eed9a0b01d377db"}]},
{"file_urls": ["https://www.edt-sg.com/intranet/fondos/FBSC1/MFBSC1E15200630.pdf"], "files": [{"url": "https://www.edt-sg.com/intranet/fondos/FBSC1/MFBSC1A02200630.pdf", "path": "full/a683898855eec861144d8bf1d8aadd5190bd4cfc.pdf", "checksum": "388ad888fc53889d7444b33939e7b069"}]},
{"file_urls": ["https://www.edt-sg.com/intranet/fondos/FBSC1/MFBSC1E15200630.pdf"], "files": [{"url": "https://www.edt-sg.com/intranet/fondos/FBSC1/MFBSC1A06200630.pdf", "path": "full/80cbf8df907a16c87a4f1aba4dc32007983a95a0.pdf", "checksum": "c4c3b3f6f517a3b9177413b44a769078"}]},
{"file_urls": ["https://www.edt-sg.com/intranet/fondos/FBSC1/MFBSC1E15200630.pdf"], "files": [{"url": "https://www.edt-sg.com/intranet/fondos/FBSC1/MFBSC1A05200630.pdf", "path": "full/f1f5da276f056e66802dcc527fb419a31b41d3f5.pdf", "checksum": "c758c74f83d387a8feaa558ee623570a"}]},
{"file_urls": ["https://www.edt-sg.com/intranet/fondos/FBSC1/MFBSC1E15200630.pdf"], "files": [{"url": "https://www.edt-sg.com/intranet/fondos/FBSC1/MFBSC1E01200630.pdf", "path": "full/7768ec4d6ec3ea55415a5dbe045c56e98a1f887a.pdf", "checksum": "0273b988c2aef806a30f06c810e61f5e"}]},
{"file_urls": ["https://www.edt-sg.com/intranet/fondos/FBSC1/MFBSC1E15200630.pdf"], "files": [{"url": "https://www.edt-sg.com/intranet/fondos/FBSC1/MFBSC1A08200630.pdf", "path": "full/4c9c20cf76da650c8df2aabf628b5396018415a4.pdf", "checksum": "739789628181de25f2eb51c75f045521"}]},
{"file_urls": ["https://www.edt-sg.com/intranet/fondos/FBSC1/MFBSC1E15200630.pdf"], "files": [{"url": "https://www.edt-sg.com/intranet/fondos/FBSC1/MFBSC1A13200630.pdf", "path": "full/272c42793eabf9104f194c595db63347624e5f47.pdf", "checksum": "17eb5ce7daf5d849a47b8a8e839a43e7"}]},
{"file_urls": ["https://www.edt-sg.com/intranet/fondos/FBSC1/MFBSC1E15200630.pdf"], "files": [{"url": "https://www.edt-sg.com/intranet/fondos/FBSC1/MFBSC1E13200630.pdf", "path": "full/48e6a1292ca69b59e0cc3d6f347895a70b2120ea.pdf", "checksum": "59a2d53093bd205e07562b5f051f7992"}]},
{"file_urls": ["https://www.edt-sg.com/intranet/fondos/FBSC1/MFBSC1E15200630.pdf"], "files": [{"url": "https://www.edt-sg.com/intranet/fondos/FBSC1/MFBSC1E02200630.pdf", "path": "full/f02d5943b8ee5fe3f791eef4ab5644db03c48f34.pdf", "checksum": "71f600009af6a989ffee04c206373e36"}]},
{"file_urls": ["https://www.edt-sg.com/intranet/fondos/FBSC1/MFBSC1E15200630.pdf"], "files": [{"url": "https://www.edt-sg.com/intranet/fondos/FBSC1/MFBSC1E03200630.pdf", "path": "full/84c6392d00459361ab90b431332eb06bf90e7341.pdf", "checksum": "a55100ee6a46ed50716a748ad0ff4325"}]},
{"file_urls": ["https://www.edt-sg.com/intranet/fondos/FBSC1/MFBSC1E15200630.pdf"], "files": [{"url": "https://www.edt-sg.com/intranet/fondos/FBSC1/MFBSC1E15200630.pdf", "path": "full/380defe55d0b8193a49b30d4e31b95a69f1af0f8.pdf", "checksum": "765ec8afcd9ad6cbda8f40289f8c8d30"}]},
{"file_urls": ["https://www.edt-sg.com/intranet/fondos/FBSC1/MFBSC1E15200630.pdf"], "files": [{"url": "https://www.edt-sg.com/intranet/fondos/FBSC1/MFBSC1E04200630.pdf", "path": "full/04c56bef1a16d81aa7dfde9aadc48f1c57d704e9.pdf", "checksum": "c7b767947d35b4d9cdde0d66af1f8313"}]},
{"file_urls": ["https://www.edt-sg.com/intranet/fondos/FRH17/MFRH17E11200630.pdf"], "files": [{"url": "https://www.edt-sg.com/intranet/fondos/FRH17/MFRH17A01200630.pdf", "path": "full/1ad17ac53de7a3e78d3a7ea00dec2ceab049cd22.pdf", "checksum": "342794bd48a298c0955ef1e700720804"}]},
{"file_urls": ["https://www.edt-sg.com/intranet/fondos/FRH17/MFRH17E11200630.pdf"], "files": [{"url": "https://www.edt-sg.com/intranet/fondos/FRH17/MFRH17A06200630.pdf", "path": "full/cd68479afabfa8f13617354c7f10a2a22cc99994.pdf", "checksum": "39bbfa004ac81a1dd2e06a129c078e58"}]},
{"file_urls": ["https://www.edt-sg.com/intranet/fondos/FBSC1/MFBSC1E15200630.pdf"], "files": [{"url": "https://www.edt-sg.com/intranet/fondos/FBSC1/MFBSC1E14200630.pdf", "path": "full/d1ab403ac2ca22bda4d559602e89ca9ba80db5e3.pdf", "checksum": "d981aba1d036319ba972776e5a13dacf"}]},
{"file_urls": ["https://www.edt-sg.com/intranet/fondos/FRH17/MFRH17E11200630.pdf"], "files": [{"url": "https://www.edt-sg.com/intranet/fondos/FRH17/MFRH17A02200630.pdf", "path": "full/bb668d6f1689597c630807b0f146d8c39fe9886e.pdf", "checksum": "865b67ef46a5b1ce86ea49a88eef4ff5"}]},
{"file_urls": ["https://www.edt-sg.com/intranet/fondos/FRH17/MFRH17E11200630.pdf"], "files": [{"url": "https://www.edt-sg.com/intranet/fondos/FRH17/MFRH17A04200630.pdf", "path": "full/6288941001c68a85862092690131d1b1efd2abd7.pdf", "checksum": "034f5915b59c319741d80d7aff2844c8"}]},
{"file_urls": ["https://www.edt-sg.com/intranet/fondos/FRH17/MFRH17E11200630.pdf"], "files": [{"url": "https://www.edt-sg.com/intranet/fondos/FRH17/MFRH17A05200630.pdf", "path": "full/ae2d8a9fba3db779f52f71c6e0bea9772c6c08e0.pdf", "checksum": "5284c065c96c3b18777bb7c89ada47ec"}]},
{"file_urls": ["https://www.edt-sg.com/intranet/fondos/FRH17/MFRH17E11200630.pdf"], "files": [{"url": "https://www.edt-sg.com/intranet/fondos/FRH17/MFRH17A13200706.pdf", "path": "full/1d289166e5c36455b9548801ac198e266278d525.pdf", "checksum": "e037dec448e73ba3ff8c48caa8263b6f"}]},
{"file_urls": ["https://www.edt-sg.com/intranet/fondos/FRH17/MFRH17E11200630.pdf"], "files": [{"url": "https://www.edt-sg.com/intranet/fondos/FRH17/MFRH17A08200630.pdf", "path": "full/71eabdea230af7eea9c8373275efd18422abdd7c.pdf", "checksum": "f89293964ed354587295afdb8226aa3c"}]},
{"file_urls": ["https://www.edt-sg.com/intranet/fondos/FRH17/MFRH17E11200630.pdf"], "files": [{"url": "https://www.edt-sg.com/intranet/fondos/FRH17/MFRH17A07200630.pdf", "path": "full/99f5716968b1dc7c4d81286c245a8c4be07126f1.pdf", "checksum": "206a26bcceb2c179dfc5bc8984ae22ff"}]},
{"file_urls": ["https://www.edt-sg.com/intranet/fondos/FRH17/MFRH17E11200630.pdf"], "files": [{"url": "https://www.edt-sg.com/intranet/fondos/FRH17/MFRH17A03200630.pdf", "path": "full/dda415e4d51086ac8fefd48d48eb923b9bc84d97.pdf", "checksum": "3ae6177f6a175aceca8402fa3a05009d"}]},
{"file_urls": ["https://www.edt-sg.com/intranet/fondos/FRH17/MFRH17E11200630.pdf"], "files": [{"url": "https://www.edt-sg.com/intranet/fondos/FRH17/MFRH17E01200630.pdf", "path": "full/22f0ca9e2347922bf894d2b6d0bb325741bac5b6.pdf", "checksum": "77b925fe68fbdf67de90dc066bd0111f"}]},
{"file_urls": ["https://www.edt-sg.com/intranet/fondos/FRH17/MFRH17E11200630.pdf"], "files": [{"url": "https://www.edt-sg.com/intranet/fondos/FRH17/MFRH17E03200630.pdf", "path": "full/6939b7401e7ce78a180bc66574458dac5a9dbcfb.pdf", "checksum": "b5b729be06d5764ce080ddd953ecd968"}]},
{"file_urls": ["https://www.edt-sg.com/intranet/fondos/FRH17/MFRH17E11200630.pdf"], "files": [{"url": "https://www.edt-sg.com/intranet/fondos/FRH17/MFRH17E04200630.pdf", "path": "full/184343871021f67732c82efd7db8876c2ad2ad8a.pdf", "checksum": "f549b678cd593db280b50423d8be34e1"}]},
{"file_urls": ["https://www.edt-sg.com/intranet/fondos/FRH17/MFRH17E11200630.pdf"], "files": [{"url": "https://www.edt-sg.com/intranet/fondos/FRH17/MFRH17E10200630.pdf", "path": "full/ab8fbc4133483ce976f13025dd5c377adcdc717b.pdf", "checksum": "1bdbb9803d4f08d5b1cde4ff60ec895b"}]},
{"file_urls": ["https://www.edt-sg.com/intranet/fondos/FRH17/MFRH17E11200630.pdf"], "files": [{"url": "https://www.edt-sg.com/intranet/fondos/FRH17/MFRH17E02200630.pdf", "path": "full/f6c8f375b58c1d6dcea6514aeebd8cea0f3b38b6.pdf", "checksum": "85e11ec00d93f45c558a3c3843c02024"}]},
{"file_urls": ["https://www.edt-sg.com/intranet/fondos/FRH17/MFRH17E11200630.pdf"], "files": [{"url": "https://www.edt-sg.com/intranet/fondos/FRH17/MFRH17E11200630.pdf", "path": "full/913b7f07fa9a836d7828e45ac44c538f72fa96c1.pdf", "checksum": "efeba4bf86566780c50b99437dabc0ed"}]},
{"file_urls": ["https://www.edt-sg.com/intranet/fondos/FRH16/MFRH16E11200630.pdf"], "files": [{"url": "https://www.edt-sg.com/intranet/fondos/FRH16/MFRH16A01200630.pdf", "path": "full/1009f17f724446db20383b3914ae3c1701c0fea0.pdf", "checksum": "87ee9b4157a2e6a1829b6b23f95e68ae"}]},
{"file_urls": ["https://www.edt-sg.com/intranet/fondos/FRH16/MFRH16E11200630.pdf"], "files": [{"url": "https://www.edt-sg.com/intranet/fondos/FRH16/MFRH16A04200630.pdf", "path": "full/fc9f890de5f23bc19dc85e3dfc24e789b186b843.pdf", "checksum": "3460bca02594d7e114419aa92718c01a"}]},
{"file_urls": ["https://www.edt-sg.com/intranet/fondos/FRH16/MFRH16E11200630.pdf"], "files": [{"url": "https://www.edt-sg.com/intranet/fondos/FRH16/MFRH16A05200630.pdf", "path": "full/39cd5e8da2bef5119e0580de5ea1c947aab32af4.pdf", "checksum": "e63c3acdcb801c5aa0bbb998fd226285"}]},
{"file_urls": ["https://www.edt-sg.com/intranet/fondos/FRH16/MFRH16E11200630.pdf"], "files": [{"url": "https://www.edt-sg.com/intranet/fondos/FRH16/MFRH16A03200630.pdf", "path": "full/d633b8194e6d139e34815cfdc06aeaaf288b7cb7.pdf", "checksum": "4049315d65eeb88471724daae1305f2c"}]},
{"file_urls": ["https://www.edt-sg.com/intranet/fondos/FRH16/MFRH16E11200630.pdf"], "files": [{"url": "https://www.edt-sg.com/intranet/fondos/FRH16/MFRH16A08200630.pdf", "path": "full/83b052ceffa1fd5b9be5a59f39b243f0e8e82be7.pdf", "checksum": "566b5c921f1fc51662d174c565380f4b"}]},
{"file_urls": ["https://www.edt-sg.com/intranet/fondos/FRH16/MFRH16E11200630.pdf"], "files": [{"url": "https://www.edt-sg.com/intranet/fondos/FRH16/MFRH16A02200630.pdf", "path": "full/e98bb82b73b226ceffa6b3d7e9a18d6d6207d5f2.pdf", "checksum": "9333a57aefd1051e26c37aa108aa7ee4"}]},
{"file_urls": ["https://www.edt-sg.com/intranet/fondos/FRH16/MFRH16E11200630.pdf"], "files": [{"url": "https://www.edt-sg.com/intranet/fondos/FRH16/MFRH16A06200630.pdf", "path": "full/b98787010e086fcb02f64b67b43f540d68a3ad22.pdf", "checksum": "9434988230078549c74d7b7fe4374fdb"}]},
{"file_urls": ["https://www.edt-sg.com/intranet/fondos/FRH16/MFRH16E11200630.pdf"], "files": [{"url": "https://www.edt-sg.com/intranet/fondos/FRH16/MFRH16A13200707.pdf", "path": "full/ca016c280a6164c89c9d213c903a643964117231.pdf", "checksum": "b26c8b15f0584229718828469feb4fb3"}]},
{"file_urls": ["https://www.edt-sg.com/intranet/fondos/FRH16/MFRH16E11200630.pdf"], "files": [{"url": "https://www.edt-sg.com/intranet/fondos/FRH16/MFRH16E01200630.pdf", "path": "full/5daaa751af5a5786b743a69898d398b1a3c96229.pdf", "checksum": "1e6ca3afff70fd5f3b34cd7140fa70d2"}]},
{"file_urls": ["https://www.edt-sg.com/intranet/fondos/FRH16/MFRH16E11200630.pdf"], "files": [{"url": "https://www.edt-sg.com/intranet/fondos/FRH16/MFRH16A07200630.pdf", "path": "full/b18b0380d269fe5f583c5691c84904996c3c1251.pdf", "checksum": "7897fb2990ecda385487d1066f63fb54"}]},
{"file_urls": ["https://www.edt-sg.com/intranet/fondos/FRH16/MFRH16E11200630.pdf"], "files": [{"url": "https://www.edt-sg.com/intranet/fondos/FRH16/MFRH16E04200630.pdf", "path": "full/b812df5b25827fb8a35d84ee6043aaefcab081a2.pdf", "checksum": "1393637707342588ebea481720959f52"}]},
{"file_urls": ["https://www.edt-sg.com/intranet/fondos/FRH16/MFRH16E11200630.pdf"], "files": [{"url": "https://www.edt-sg.com/intranet/fondos/FRH16/MFRH16E11200630.pdf", "path": "full/b49be4afd6c35b3ac36d4fa5bb53ce1224ef4ea1.pdf", "checksum": "54d15594dfe6c7a0cd71fe18ec926c98"}]},
{"file_urls": ["https://www.edt-sg.com/intranet/fondos/FRH16/MFRH16E11200630.pdf"], "files": [{"url": "https://www.edt-sg.com/intranet/fondos/FRH16/MFRH16E09200630.pdf", "path": "full/bc14e37bf020b29f5076ccf7a55e8d3826a18ac2.pdf", "checksum": "502c6665a264a622e4c3387968d69290"}]},
{"file_urls": ["https://www.edt-sg.com/intranet/fondos/FBR16/MFBR16E11200630.pdf"], "files": [{"url": "https://www.edt-sg.com/intranet/fondos/FBR16/MFBR16A02200630.pdf", "path": "full/ecfcdf7ab7e2d0e84e4356d56c5e931ac75c327c.pdf", "checksum": "636f9396a0c6a3483d5ed0774bd88bf0"}]},
{"file_urls": ["https://www.edt-sg.com/intranet/fondos/FRH16/MFRH16E11200630.pdf"], "files": [{"url": "https://www.edt-sg.com/intranet/fondos/FRH16/MFRH16E03200630.pdf", "path": "full/d3ffbe08e659fd54c946ca9c286e8a28e3353069.pdf", "checksum": "2af06b63acd14c3094674f6d6ab93bd6"}]},
{"file_urls": ["https://www.edt-sg.com/intranet/fondos/FBR16/MFBR16E11200630.pdf"], "files": [{"url": "https://www.edt-sg.com/intranet/fondos/FBR16/MFBR16A03200630.pdf", "path": "full/f6e2b97eddea26664000be1c747556a6e0248cf3.pdf", "checksum": "357a89d04f00ab02928ec8c4aec2f7c0"}]},
{"file_urls": ["https://www.edt-sg.com/intranet/fondos/FBR16/MFBR16E11200630.pdf"], "files": [{"url": "https://www.edt-sg.com/intranet/fondos/FBR16/MFBR16A01200630.pdf", "path": "full/c362f38a529fd7b17d9bdae099dd49596cfec94e.pdf", "checksum": "cf02759ba48edf34a1bdb8a89257b308"}]},
{"file_urls": ["https://www.edt-sg.com/intranet/fondos/FRH16/MFRH16E11200630.pdf"], "files": [{"url": "https://www.edt-sg.com/intranet/fondos/FRH16/MFRH16E10200630.pdf", "path": "full/aeb142fc1ca9cc3f1518dcd0eaa4645d924f6b2a.pdf", "checksum": "c4509d38d566bd8e6aaab35197a4ffaa"}]},
{"file_urls": ["https://www.edt-sg.com/intranet/fondos/FRH16/MFRH16E11200630.pdf"], "files": [{"url": "https://www.edt-sg.com/intranet/fondos/FRH16/MFRH16E08200630.pdf", "path": "full/f10b6c6858530f2065fd3802086e9c27f69ae391.pdf", "checksum": "d46926933481b11f2c7faeec6b706e1e"}]},
{"file_urls": ["https://www.edt-sg.com/intranet/fondos/FBR16/MFBR16E11200630.pdf"], "files": [{"url": "https://www.edt-sg.com/intranet/fondos/FBR16/MFBR16A05200630.pdf", "path": "full/6a8b986f703d72c8b77b05d20b0b0dc59e0600bb.pdf", "checksum": "19bc498c03e023447571475d7895db59"}]},
{"file_urls": ["https://www.edt-sg.com/intranet/fondos/FBR16/MFBR16E11200630.pdf"], "files": [{"url": "https://www.edt-sg.com/intranet/fondos/FBR16/MFBR16A04200630.pdf", "path": "full/55235e264f4d3dbd70e7a0c5fbd1958e756686fe.pdf", "checksum": "28bc551f58a6702bb6d1e5a8a3fb5d8b"}]},
{"file_urls": ["https://www.edt-sg.com/intranet/fondos/FBR16/MFBR16E11200630.pdf"], "files": [{"url": "https://www.edt-sg.com/intranet/fondos/FBR16/MFBR16A06200630.pdf", "path": "full/27c28e4272b9ccc5f27954ab209af3e553466e6d.pdf", "checksum": "fd167dadfbdf0890dd4c53dcf5deebfb"}]},
{"file_urls": ["https://www.edt-sg.com/intranet/fondos/FRH16/MFRH16E11200630.pdf"], "files": [{"url": "https://www.edt-sg.com/intranet/fondos/FRH16/MFRH16E02200630.pdf", "path": "full/ed299a7c7a576a4d628d88bfb8b8511b967fe469.pdf", "checksum": "da70069d70d7a9b7ae8e3089d905b4bf"}]},
{"file_urls": ["https://www.edt-sg.com/intranet/fondos/FBR16/MFBR16E11200630.pdf"], "files": [{"url": "https://www.edt-sg.com/intranet/fondos/FBR16/MFBR16A08200630.pdf", "path": "full/b1c890e4fa190c148bc4f8cad7a0232c25856a45.pdf", "checksum": "d1922c7e54f48326357dbcb9d80d94b3"}]},
{"file_urls": ["https://www.edt-sg.com/intranet/fondos/FBR16/MFBR16E11200630.pdf"], "files": [{"url": "https://www.edt-sg.com/intranet/fondos/FBR16/MFBR16A07200630.pdf", "path": "full/07132d92d91cf4b584e51b688f2a1278dd1ae985.pdf", "checksum": "536fe625deefe5fcc639c18cf4ca82e3"}]},
{"file_urls": ["https://www.edt-sg.com/intranet/fondos/FBR16/MFBR16E11200630.pdf"], "files": [{"url": "https://www.edt-sg.com/intranet/fondos/FBR16/MFBR16E02200630.pdf", "path": "full/87dc13902bb48cd2dd84dff33b04b616544d8137.pdf", "checksum": "abd199183a3d4257a443d6a3183e6818"}]},
{"file_urls": ["https://www.edt-sg.com/intranet/fondos/FBR16/MFBR16E11200630.pdf"], "files": [{"url": "https://www.edt-sg.com/intranet/fondos/FBR16/MFBR16E01200630.pdf", "path": "full/a820fafbaadc84641d1f2dfda8f94c3e6da73410.pdf", "checksum": "dc221a1a16798416bdbcd5bf3cf13553"}]},
{"file_urls": ["https://www.edt-sg.com/intranet/fondos/FBR16/MFBR16E11200630.pdf"], "files": [{"url": "https://www.edt-sg.com/intranet/fondos/FBR16/MFBR16E03200630.pdf", "path": "full/dc84ea26a8619d010a81f42ebbf9b070523423ad.pdf", "checksum": "67551a11aaa297479ed21efa3a8d7028"}]},
{"file_urls": ["https://www.edt-sg.com/intranet/fondos/FBR16/MFBR16E11200630.pdf"], "files": [{"url": "https://www.edt-sg.com/intranet/fondos/FBR16/MFBR16A13200630.pdf", "path": "full/eedc964eb7836266be30078f9da03182713c39a6.pdf", "checksum": "90227877e76d2ebea6a1beb9933809c5"}]},
{"file_urls": ["https://www.edt-sg.com/intranet/fondos/FBR16/MFBR16E11200630.pdf"], "files": [{"url": "https://www.edt-sg.com/intranet/fondos/FBR16/MFBR16E11200630.pdf", "path": "full/6c4c7f321697ddee3c702c2a5b1aa620c3abb310.pdf", "checksum": "6d248a75fee3ffe43a9ca9815cd28e97"}]},
{"file_urls": ["https://www.edt-sg.com/intranet/fondos/FBR19/MFBR19E10200630.pdf"], "files": [{"url": "https://www.edt-sg.com/intranet/fondos/FBR19/MFBR19A02200630.pdf", "path": "full/2893f6dac6447d50337700de5700d079113ab3e0.pdf", "checksum": "dd5fb597a5e6a951137c703456535822"}]},
{"file_urls": ["https://www.edt-sg.com/intranet/fondos/FBR16/MFBR16E11200630.pdf"], "files": [{"url": "https://www.edt-sg.com/intranet/fondos/FBR16/MFBR16E04200630.pdf", "path": "full/9290aea977d22495fedbfe5bf58f2d8e2f8f4d22.pdf", "checksum": "8f6b1276a2d9492a427b2c4136cb46a0"}]},
{"file_urls": ["https://www.edt-sg.com/intranet/fondos/FBR19/MFBR19E10200630.pdf"], "files": [{"url": "https://www.edt-sg.com/intranet/fondos/FBR19/MFBR19A04200630.pdf", "path": "full/5d75799198ed06260cccc8f10f950b34d8549bc6.pdf", "checksum": "69e1ee241a88480b4c968bd0f2f965da"}]},
{"file_urls": ["https://www.edt-sg.com/intranet/fondos/FBR19/MFBR19E10200630.pdf"], "files": [{"url": "https://www.edt-sg.com/intranet/fondos/FBR19/MFBR19A05200630.pdf", "path": "full/963590bb0da07ab18661e7692e3fd9ed5e3b73d4.pdf", "checksum": "ebeaf0c72b69d11712983fab5add5f01"}]},
{"file_urls": ["https://www.edt-sg.com/intranet/fondos/FBR19/MFBR19E10200630.pdf"], "files": [{"url": "https://www.edt-sg.com/intranet/fondos/FBR19/MFBR19A01200630.pdf", "path": "full/f7ea36f9f5a8825dd26674113972abba52c651dd.pdf", "checksum": "d1944e763e97e11312f1d963137e588b"}]},
{"file_urls": ["https://www.edt-sg.com/intranet/fondos/FBR16/MFBR16E11200630.pdf"], "files": [{"url": "https://www.edt-sg.com/intranet/fondos/FBR16/MFBR16E09200630.pdf", "path": "full/c1afd263095b78140565bffddf8e6bc10a45a84a.pdf", "checksum": "6a60a2fd17d92deb69e2fc060d07bf31"}]},
{"file_urls": ["https://www.edt-sg.com/intranet/fondos/FBR16/MFBR16E11200630.pdf"], "files": [{"url": "https://www.edt-sg.com/intranet/fondos/FBR16/MFBR16E10200630.pdf", "path": "full/fe5a6db9e44d0303b9770f9fb6caa92bded9c5d9.pdf", "checksum": "963992014fdca3fcaa95e809633c837c"}]},
{"file_urls": ["https://www.edt-sg.com/intranet/fondos/FBR19/MFBR19E10200630.pdf"], "files": [{"url": "https://www.edt-sg.com/intranet/fondos/FBR19/MFBR19A03200630.pdf", "path": "full/be3ecbed400760bdb2cf1b0a4f3686f0e928d4a1.pdf", "checksum": "aab78f018e8e68ac9fbd577e8adbb128"}]},
{"file_urls": ["https://www.edt-sg.com/intranet/fondos/FBR19/MFBR19E10200630.pdf"], "files": [{"url": "https://www.edt-sg.com/intranet/fondos/FBR19/MFBR19A07200630.pdf", "path": "full/59f6d47d228cba01bf413e0829ae61c4916ff6a4.pdf", "checksum": "7d6a5ef7acb8f44d2ac03f2279698511"}]},
{"file_urls": ["https://www.edt-sg.com/intranet/fondos/FBR16/MFBR16E11200630.pdf"], "files": [{"url": "https://www.edt-sg.com/intranet/fondos/FBR16/MFBR16E08200630.pdf", "path": "full/a6e53b12b53e3bd48b246e0b8ab593ed0454b326.pdf", "checksum": "8bb394f2a4bd7fe16d0f04c01b1d1483"}]},
{"file_urls": ["https://www.edt-sg.com/intranet/fondos/FBR19/MFBR19E10200630.pdf"], "files": [{"url": "https://www.edt-sg.com/intranet/fondos/FBR19/MFBR19A06200630.pdf", "path": "full/4863be0efcfb8c40ecb6a18261666cae952f2663.pdf", "checksum": "2b8d765eec081df09d5f5b230387ef6d"}]},
{"file_urls": ["https://www.edt-sg.com/intranet/fondos/FBR19/MFBR19E10200630.pdf"], "files": [{"url": "https://www.edt-sg.com/intranet/fondos/FBR19/MFBR19A08200630.pdf", "path": "full/93920e354b98586f8289594614879240c6659105.pdf", "checksum": "108e49f5c83377e905c45954f550f06d"}]},
{"file_urls": ["https://www.edt-sg.com/intranet/fondos/FBR19/MFBR19E10200630.pdf"], "files": [{"url": "https://www.edt-sg.com/intranet/fondos/FBR19/MFBR19E01200630.pdf", "path": "full/5bb317edba2a535e0dd8f1313891963180022a2c.pdf", "checksum": "47062564a7b32ca9490a74e1d52c0870"}]},
{"file_urls": ["https://www.edt-sg.com/intranet/fondos/FBR19/MFBR19E10200630.pdf"], "files": [{"url": "https://www.edt-sg.com/intranet/fondos/FBR19/MFBR19E04200630.pdf", "path": "full/5c9869baf519143be0d49cc044462e83b54b649f.pdf", "checksum": "2824d9cc7d06c2185c7b1fe362596106"}]},
{"file_urls": ["https://www.edt-sg.com/intranet/fondos/FRH19/MFRH19E10200630.pdf"], "files": [{"url": "https://www.edt-sg.com/intranet/fondos/FRH19/MFRH19A01200630.pdf", "path": "full/1519b37339dc8858c43fab12d88f5cf7fe57f317.pdf", "checksum": "c17bad1b19d737c60aea0e5af10afe9c"}]},
{"file_urls": ["https://www.edt-sg.com/intranet/fondos/FBR19/MFBR19E10200630.pdf"], "files": [{"url": "https://www.edt-sg.com/intranet/fondos/FBR19/MFBR19E02200630.pdf", "path": "full/158468fb54088cc9089e8090f8ff02eb50f39e23.pdf", "checksum": "c86a6c5d437968137b3662225e0cbc55"}]},
{"file_urls": ["https://www.edt-sg.com/intranet/fondos/FRH19/MFRH19E10200630.pdf"], "files": [{"url": "https://www.edt-sg.com/intranet/fondos/FRH19/MFRH19A02200630.pdf", "path": "full/4f875a825f357f6c5da467fdb9ac20c5bd170659.pdf", "checksum": "978d0c592962fe7301468a0356e92ba1"}]},
{"file_urls": ["https://www.edt-sg.com/intranet/fondos/FBR19/MFBR19E10200630.pdf"], "files": [{"url": "https://www.edt-sg.com/intranet/fondos/FBR19/MFBR19A13200630.pdf", "path": "full/774b8b8258212bca6fcc7759f50b7093496c423f.pdf", "checksum": "11f97caf2e5af693111f5d9918302b15"}]},
{"file_urls": ["https://www.edt-sg.com/intranet/fondos/FBR19/MFBR19E10200630.pdf"], "files": [{"url": "https://www.edt-sg.com/intranet/fondos/FBR19/MFBR19E03200630.pdf", "path": "full/955605380a7485288512e66d91049c0e3cd694a6.pdf", "checksum": "29d6620d08624b7e9ca978438e7d89a1"}]},
{"file_urls": ["https://www.edt-sg.com/intranet/fondos/FRH19/MFRH19E10200630.pdf"], "files": [{"url": "https://www.edt-sg.com/intranet/fondos/FRH19/MFRH19A04200630.pdf", "path": "full/d9b5dd3280b00bf3a294486aca3279e0de56153a.pdf", "checksum": "a2da50109d26e0ceaa7c5d23d2ae96f5"}]},
{"file_urls": ["https://www.edt-sg.com/intranet/fondos/FRH19/MFRH19E10200630.pdf"], "files": [{"url": "https://www.edt-sg.com/intranet/fondos/FRH19/MFRH19A06200630.pdf", "path": "full/1d204919dd2adfffd16bba05c86061c6a8f220f8.pdf", "checksum": "77c2af7733c3dff272b690ad2f6b7cbe"}]},
{"file_urls": ["https://www.edt-sg.com/intranet/fondos/FRH19/MFRH19E10200630.pdf"], "files": [{"url": "https://www.edt-sg.com/intranet/fondos/FRH19/MFRH19A07200630.pdf", "path": "full/6844b3188296ccf5693ef5de98c22eca21b220ec.pdf", "checksum": "0c13b562fc7216c316c16245702aeb1c"}]},
{"file_urls": ["https://www.edt-sg.com/intranet/fondos/FRH19/MFRH19E10200630.pdf"], "files": [{"url": "https://www.edt-sg.com/intranet/fondos/FRH19/MFRH19E01200630.pdf", "path": "full/1d76c56f834ea7c87394826058aa00ced5b84b9f.pdf", "checksum": "9688ad1d697f636399f70c225cdaccfe"}]},
{"file_urls": ["https://www.edt-sg.com/intranet/fondos/FRH19/MFRH19E10200630.pdf"], "files": [{"url": "https://www.edt-sg.com/intranet/fondos/FRH19/MFRH19A08200630.pdf", "path": "full/9f7361d4823e910ec34d436bb21002014fb446f6.pdf", "checksum": "e0001ebbdae83592db6025cfd4fa3a29"}]},
{"file_urls": ["https://www.edt-sg.com/intranet/fondos/FRH19/MFRH19E10200630.pdf"], "files": [{"url": "https://www.edt-sg.com/intranet/fondos/FRH19/MFRH19A13200630.pdf", "path": "full/2afa11d54b1c3227d32dc446e756e7512288f3ba.pdf", "checksum": "9407377d0c1886a86c8d7031d5bb1491"}]},
{"file_urls": ["https://www.edt-sg.com/intranet/fondos/FRH19/MFRH19E10200630.pdf"], "files": [{"url": "https://www.edt-sg.com/intranet/fondos/FRH19/MFRH19A03200630.pdf", "path": "full/d57d2f6e0f05fe9fee9b833580827edd27a74213.pdf", "checksum": "7cc5a9d88457edc2d8f50152554eac6b"}]},
{"file_urls": ["https://www.edt-sg.com/intranet/fondos/FRH19/MFRH19E10200630.pdf"], "files": [{"url": "https://www.edt-sg.com/intranet/fondos/FRH19/MFRH19A05200630.pdf", "path": "full/3c636dfb056e5ceedab10644864ace1da701a717.pdf", "checksum": "59dbb6388ad6bb2353fdf07f74d6a916"}]},
{"file_urls": ["https://www.edt-sg.com/intranet/fondos/FBR12/MFBR12E11200630.pdf"], "files": [{"url": "https://www.edt-sg.com/intranet/fondos/FBR12/MFBR12A01200630.pdf", "path": "full/d57a82021e69afd94b8d166933bed3b7df9d4742.pdf", "checksum": "e41bbd8fafbcb2102668fec9a29d6068"}]},
{"file_urls": ["https://www.edt-sg.com/intranet/fondos/FRH19/MFRH19E10200630.pdf"], "files": [{"url": "https://www.edt-sg.com/intranet/fondos/FRH19/MFRH19E04200630.pdf", "path": "full/29eab2e17fff0c24e550c4b94939a5dd6f2fda2b.pdf", "checksum": "96d25d37737cabe7b39a8b768a8c9030"}]},
{"file_urls": ["https://www.edt-sg.com/intranet/fondos/FRH19/MFRH19E10200630.pdf"], "files": [{"url": "https://www.edt-sg.com/intranet/fondos/FRH19/MFRH19E10200630.pdf", "path": "full/cabbebf5fded9ea2c2da0a2ed4a4280efad7b72c.pdf", "checksum": "f146ac7ffbf232a53222f2c0a6a86b38"}]},
{"file_urls": ["https://www.edt-sg.com/intranet/fondos/FBR19/MFBR19E10200630.pdf"], "files": [{"url": "https://www.edt-sg.com/intranet/fondos/FBR19/MFBR19E10200630.pdf", "path": "full/ad12e64b9af5ba1e181f88934065a467660cdd90.pdf", "checksum": "4535469a151b76df4f4b0869cd8980e9"}]},
{"file_urls": ["https://www.edt-sg.com/intranet/fondos/FBR12/MFBR12E11200630.pdf"], "files": [{"url": "https://www.edt-sg.com/intranet/fondos/FBR12/MFBR12A06200630.pdf", "path": "full/85f94a2369ada159478bb3eba8994520e0ea9123.pdf", "checksum": "3111133e0dc871ecb182c2122f7cc8c2"}]},
{"file_urls": ["https://www.edt-sg.com/intranet/fondos/FBR12/MFBR12E11200630.pdf"], "files": [{"url": "https://www.edt-sg.com/intranet/fondos/FBR12/MFBR12A02200630.pdf", "path": "full/ccea6cb70df52c258a66d8665a242a7a0a6cbad4.pdf", "checksum": "397e2f36b310e81167b1d22af3306b68"}]},
{"file_urls": ["https://www.edt-sg.com/intranet/fondos/FBR12/MFBR12E11200630.pdf"], "files": [{"url": "https://www.edt-sg.com/intranet/fondos/FBR12/MFBR12A03200630.pdf", "path": "full/d1b9c13262f890b5988b38c80a43d3ad08b5bebf.pdf", "checksum": "fba6ba26720a25ffa35f305ba9991c73"}]},
{"file_urls": ["https://www.edt-sg.com/intranet/fondos/FBR12/MFBR12E11200630.pdf"], "files": [{"url": "https://www.edt-sg.com/intranet/fondos/FBR12/MFBR12A08200630.pdf", "path": "full/63e4ad8088afaa025cda1edd290f7a2510f610de.pdf", "checksum": "d07ebd78b7dc9614f52412670a83cc73"}]},
{"file_urls": ["https://www.edt-sg.com/intranet/fondos/FBR12/MFBR12E11200630.pdf"], "files": [{"url": "https://www.edt-sg.com/intranet/fondos/FBR12/MFBR12A05200630.pdf", "path": "full/350505999fe8b953ae668c84e8312cf46af8c56f.pdf", "checksum": "5ac3c6565b368b143ca90d9121b82c5a"}]},
{"file_urls": ["https://www.edt-sg.com/intranet/fondos/FBR12/MFBR12E11200630.pdf"], "files": [{"url": "https://www.edt-sg.com/intranet/fondos/FBR12/MFBR12E01200630.pdf", "path": "full/2fe88b8515528c9e5fcf27067d3d96a80e4b9e63.pdf", "checksum": "8c9bd5e53315565b36f0bf1a9b4176a0"}]},
{"file_urls": ["https://www.edt-sg.com/intranet/fondos/FBR12/MFBR12E11200630.pdf"], "files": [{"url": "https://www.edt-sg.com/intranet/fondos/FBR12/MFBR12A04200630.pdf", "path": "full/b131d44d08e7f669d99c7090d93e4ede2775e410.pdf", "checksum": "ff55c24628ef4cbd5f2f6f9ed8e5ee96"}]},
{"file_urls": ["https://www.edt-sg.com/intranet/fondos/FBR12/MFBR12E11200630.pdf"], "files": [{"url": "https://www.edt-sg.com/intranet/fondos/FBR12/MFBR12E02200630.pdf", "path": "full/988f5c2019380b315675a43c3fb5f0c9648d59dd.pdf", "checksum": "ff872b368c46078c619262a4fce9c9b3"}]},
{"file_urls": ["https://www.edt-sg.com/intranet/fondos/FBR12/MFBR12E11200630.pdf"], "files": [{"url": "https://www.edt-sg.com/intranet/fondos/FBR12/MFBR12A13200715.pdf", "path": "full/cfb31ed9bfdf645d78d3eede692b97f797a03a1b.pdf", "checksum": "e71ca1bf83fa35a0d87bcae3e99f4eac"}]},
{"file_urls": ["https://www.edt-sg.com/intranet/fondos/FBR12/MFBR12E11200630.pdf"], "files": [{"url": "https://www.edt-sg.com/intranet/fondos/FBR12/MFBR12E04200630.pdf", "path": "full/29274610ba2306d3c285bab9576dc0849c15b80d.pdf", "checksum": "be52be02defce4fc0ccf8db27d5cb4d8"}]},
{"file_urls": ["https://www.edt-sg.com/intranet/fondos/FBR12/MFBR12E11200630.pdf"], "files": [{"url": "https://www.edt-sg.com/intranet/fondos/FBR12/MFBR12E09200630.pdf", "path": "full/4faa6624d720165ea914d3b07be89e26ccda75eb.pdf", "checksum": "d654f41d9eb39814a730f7d44704bf37"}]},
{"file_urls": ["https://www.edt-sg.com/intranet/fondos/FBR12/MFBR12E11200630.pdf"], "files": [{"url": "https://www.edt-sg.com/intranet/fondos/FBR12/MFBR12A07200630.pdf", "path": "full/7bbf8617582cb8c78fd77bf3f156676efc9719b0.pdf", "checksum": "2ea492c3c2c35528702a34d319cbcdfd"}]},
{"file_urls": ["https://www.edt-sg.com/intranet/fondos/FBR12/MFBR12E11200630.pdf"], "files": [{"url": "https://www.edt-sg.com/intranet/fondos/FBR12/MFBR12E03200630.pdf", "path": "full/653f8840ac39dd34710ea317d2686d9bfb0d0330.pdf", "checksum": "c56cd241688eb15dab5ce34c7d4f8203"}]},
{"file_urls": ["https://www.edt-sg.com/intranet/fondos/FBR12/MFBR12E11200630.pdf"], "files": [{"url": "https://www.edt-sg.com/intranet/fondos/FBR12/MFBR12E08200630.pdf", "path": "full/586ee152a3d5f11939526fca00282bacc1594c1b.pdf", "checksum": "253550cbbdf51017b7fa2d376c5077d0"}]},
{"file_urls": ["https://www.edt-sg.com/intranet/fondos/FBR14/MFBR14E11200630.pdf"], "files": [{"url": "https://www.edt-sg.com/intranet/fondos/FBR14/MFBR14A02200630.pdf", "path": "full/6a0a67514cb9ded401f914d70ee1a8f71800e91b.pdf", "checksum": "0140ba673e06f89f65190e32d3129a9d"}]},
{"file_urls": ["https://www.edt-sg.com/intranet/fondos/FBR12/MFBR12E11200630.pdf"], "files": [{"url": "https://www.edt-sg.com/intranet/fondos/FBR12/MFBR12E10200630.pdf", "path": "full/35798520179548bfe5ea6473ffb0b652544c6df7.pdf", "checksum": "9b6b8fedfd1b3abc28b556ceb205e7d7"}]},
{"file_urls": ["https://www.edt-sg.com/intranet/fondos/FBR12/MFBR12E11200630.pdf"], "files": [{"url": "https://www.edt-sg.com/intranet/fondos/FBR12/MFBR12E11200630.pdf", "path": "full/2e298d59a38228cfbb2c4762940f49cd0cdc649b.pdf", "checksum": "1d358656b597433247fb788db954b5fa"}]},
{"file_urls": ["https://www.edt-sg.com/intranet/fondos/FBR14/MFBR14E11200630.pdf"], "files": [{"url": "https://www.edt-sg.com/intranet/fondos/FBR14/MFBR14A03200630.pdf", "path": "full/eeed5465831ca2bb156a6fae0507210b8b718e22.pdf", "checksum": "75fb0276d7ef237648519272e36a8e8f"}]},
{"file_urls": ["https://www.edt-sg.com/intranet/fondos/FBR14/MFBR14E11200630.pdf"], "files": [{"url": "https://www.edt-sg.com/intranet/fondos/FBR14/MFBR14A05200630.pdf", "path": "full/d8c7e572d73bfff29dc5e740df6494d666f3f43b.pdf", "checksum": "bee2c2ff8175f34c7e203bfb6e1a3f2e"}]},
{"file_urls": ["https://www.edt-sg.com/intranet/fondos/FBR14/MFBR14E11200630.pdf"], "files": [{"url": "https://www.edt-sg.com/intranet/fondos/FBR14/MFBR14A06200630.pdf", "path": "full/2f6ee2a7ccf0fdcc3e82b20db49e0c27b18e627d.pdf", "checksum": "0604407ebe6be7e821fe39c7434ff213"}]},
{"file_urls": ["https://www.edt-sg.com/intranet/fondos/FBR14/MFBR14E11200630.pdf"], "files": [{"url": "https://www.edt-sg.com/intranet/fondos/FBR14/MFBR14A01200630.pdf", "path": "full/36c2e9d82d3c7a1da89557bf5bc2f11b4fd595e7.pdf", "checksum": "18a748e8aa2b5ced3bb9e6c77f9fab9a"}]},
{"file_urls": ["https://www.edt-sg.com/intranet/fondos/FBR14/MFBR14E11200630.pdf"], "files": [{"url": "https://www.edt-sg.com/intranet/fondos/FBR14/MFBR14A04200630.pdf", "path": "full/7e88e19ae16e9ef3655cee846fe7ab214f2d0a60.pdf", "checksum": "00be415b93d15bdfa7717e2fc3aaa156"}]},
{"file_urls": ["https://www.edt-sg.com/intranet/fondos/FBR14/MFBR14E11200630.pdf"], "files": [{"url": "https://www.edt-sg.com/intranet/fondos/FBR14/MFBR14A07200630.pdf", "path": "full/6ff90a98b466e2eb5c5e18dbc62a5b12532c5a8e.pdf", "checksum": "9e23152d51724aa14c02cde7abe19cde"}]},
{"file_urls": ["https://www.edt-sg.com/intranet/fondos/FBR14/MFBR14E11200630.pdf"], "files": [{"url": "https://www.edt-sg.com/intranet/fondos/FBR14/MFBR14E01200630.pdf", "path": "full/38aa1dbc721c2991ed9dbe2d2e854983f1a520e6.pdf", "checksum": "287d5e1d7cf412483cfbe416a3909a9a"}]},
{"file_urls": ["https://www.edt-sg.com/intranet/fondos/FBR14/MFBR14E11200630.pdf"], "files": [{"url": "https://www.edt-sg.com/intranet/fondos/FBR14/MFBR14A13200630.pdf", "path": "full/2cc2c769b6d7417decc8850c33efcd2069b0bc1e.pdf", "checksum": "784f8d68a3602228afbdb14b50c9d300"}]},
{"file_urls": ["https://www.edt-sg.com/intranet/fondos/FBR14/MFBR14E11200630.pdf"], "files": [{"url": "https://www.edt-sg.com/intranet/fondos/FBR14/MFBR14A08200630.pdf", "path": "full/b2c2f1bb0946064347db7f9ffa953e97cbd76f9a.pdf", "checksum": "462bbd5688143314cce1fa97dbb0b5f6"}]},
{"file_urls": ["https://www.edt-sg.com/intranet/fondos/FBR14/MFBR14E11200630.pdf"], "files": [{"url": "https://www.edt-sg.com/intranet/fondos/FBR14/MFBR14E03200630.pdf", "path": "full/db5a06adfe4aaeb1f86b42fedd1a8af9651a6b9a.pdf", "checksum": "07be7f13a1b0e2dbef6e8729e1a7c20d"}]},
{"file_urls": ["https://www.edt-sg.com/intranet/fondos/FBR14/MFBR14E11200630.pdf"], "files": [{"url": "https://www.edt-sg.com/intranet/fondos/FBR14/MFBR14E02200630.pdf", "path": "full/02123d29bbe73f3519e05cda8892d168922149ba.pdf", "checksum": "3b53b3ff2265e4dd370e9ddd3fd8973f"}]},
{"file_urls": ["https://www.edt-sg.com/intranet/fondos/FBR14/MFBR14E11200630.pdf"], "files": [{"url": "https://www.edt-sg.com/intranet/fondos/FBR14/MFBR14E04200630.pdf", "path": "full/c80f215921746b6e1b2336aefd6cbfc9ce716a07.pdf", "checksum": "a65268a4cf747dbcd9dc1317c0ed3b14"}]},
{"file_urls": ["https://www.edt-sg.com/intranet/fondos/FBR14/MFBR14E11200630.pdf"], "files": [{"url": "https://www.edt-sg.com/intranet/fondos/FBR14/MFBR14E09200630.pdf", "path": "full/ed56c54fb22fb7237de916042c0ad0026503826c.pdf", "checksum": "f39dc1237b2bca9c8dbc4956f4cd1d83"}]},
{"file_urls": ["https://www.edt-sg.com/intranet/fondos/FBR14/MFBR14E11200630.pdf"], "files": [{"url": "https://www.edt-sg.com/intranet/fondos/FBR14/MFBR14E11200630.pdf", "path": "full/6c6a6bfb03cbebc4f8f81ecd34fbbe2bd7912036.pdf", "checksum": "1054ce6aca12e62bf8b2a5691cc57894"}]},
{"file_urls": ["https://www.edt-sg.com/intranet/fondos/FBR14/MFBR14E11200630.pdf"], "files": [{"url": "https://www.edt-sg.com/intranet/fondos/FBR14/MFBR14E10200630.pdf", "path": "full/86e2ae21568e7b37bfd45177d01eeccec9eef756.pdf", "checksum": "db860ad1288a5eb32ca0d82cf9a32f2f"}]},
{"file_urls": ["https://www.edt-sg.com/intranet/fondos/FBR14/MFBR14E11200630.pdf"], "files": [{"url": "https://www.edt-sg.com/intranet/fondos/FBR14/MFBR14E08200630.pdf", "path": "full/f524ec042a25ecdcccba26f714fb629c9eebc452.pdf", "checksum": "945ca858e756b18b0ae086bf24a0e128"}]},
{"file_urls": ["https://www.edt-sg.com/intranet/fondos/FRH15/MFRH15E11200630.pdf"], "files": [{"url": "https://www.edt-sg.com/intranet/fondos/FRH15/MFRH15A02200630.pdf", "path": "full/cdadbdcbc14ea4c054449f2a2ea6eeff252da8f5.pdf", "checksum": "cccf2a3841ae87afacb0d2515509a32f"}]},
{"file_urls": ["https://www.edt-sg.com/intranet/fondos/FRH15/MFRH15E11200630.pdf"], "files": [{"url": "https://www.edt-sg.com/intranet/fondos/FRH15/MFRH15A01200630.pdf", "path": "full/8ddcd3112e6a6febe4486b30cc85fab556a40fe8.pdf", "checksum": "47eaf32e3788253294534f25b2f32c3f"}]},
{"file_urls": ["https://www.edt-sg.com/intranet/fondos/FRH15/MFRH15E11200630.pdf"], "files": [{"url": "https://www.edt-sg.com/intranet/fondos/FRH15/MFRH15A07200630.pdf", "path": "full/adad214bfdb6d1070c455022f49fb695602e4feb.pdf", "checksum": "d2ea4cac018dbc4a64dc63529ea2c663"}]},
{"file_urls": ["https://www.edt-sg.com/intranet/fondos/FRH15/MFRH15E11200630.pdf"], "files": [{"url": "https://www.edt-sg.com/intranet/fondos/FRH15/MFRH15A04200630.pdf", "path": "full/74961f256d74d0dbf4f24512f91a9539baf91115.pdf", "checksum": "28b469a55a5fa28e56cb065474417f11"}]},
{"file_urls": ["https://www.edt-sg.com/intranet/fondos/FRH15/MFRH15E11200630.pdf"], "files": [{"url": "https://www.edt-sg.com/intranet/fondos/FRH15/MFRH15A03200630.pdf", "path": "full/a8c7a961e845a1af71096ff33f6f104c4e0906a2.pdf", "checksum": "02087aad6b48ea3c9d01edc219be33e9"}]},
{"file_urls": ["https://www.edt-sg.com/intranet/fondos/FRH15/MFRH15E11200630.pdf"], "files": [{"url": "https://www.edt-sg.com/intranet/fondos/FRH15/MFRH15A08200630.pdf", "path": "full/395cd56c810c1fa46ab78b8ecffb7169df0bc718.pdf", "checksum": "d95b33770f65fb42cd7348d1f28e2a3c"}]},
{"file_urls": ["https://www.edt-sg.com/intranet/fondos/FRH15/MFRH15E11200630.pdf"], "files": [{"url": "https://www.edt-sg.com/intranet/fondos/FRH15/MFRH15A05200630.pdf", "path": "full/ecc06f0389b9b1a1f0d81a5b54fa6b735ee8c1d5.pdf", "checksum": "c1ed2589d1e43570215d6271dd17dfdc"}]},
{"file_urls": ["https://www.edt-sg.com/intranet/fondos/FRH15/MFRH15E11200630.pdf"], "files": [{"url": "https://www.edt-sg.com/intranet/fondos/FRH15/MFRH15A13200630.pdf", "path": "full/3cba42939f22d3d3edb4dff608ea0156e796e4e8.pdf", "checksum": "0dcf1fdc80c0b6c31b88329bd47524a6"}]},
{"file_urls": ["https://www.edt-sg.com/intranet/fondos/FRH15/MFRH15E11200630.pdf"], "files": [{"url": "https://www.edt-sg.com/intranet/fondos/FRH15/MFRH15A06200630.pdf", "path": "full/4ed91b203d5bcfe5b3e944f125f4fc7e7d8ff1cd.pdf", "checksum": "9c38c3a84dba343d96c86dcd9d720e5b"}]},
{"file_urls": ["https://www.edt-sg.com/intranet/fondos/FRH15/MFRH15E11200630.pdf"], "files": [{"url": "https://www.edt-sg.com/intranet/fondos/FRH15/MFRH15E02200630.pdf", "path": "full/f6688f4ce6e0330045dc5fd52ffbb8d9f7ab9f08.pdf", "checksum": "664c0e0f0eb78f5088e4cf4c40895692"}]},
{"file_urls": ["https://www.edt-sg.com/intranet/fondos/FRH15/MFRH15E11200630.pdf"], "files": [{"url": "https://www.edt-sg.com/intranet/fondos/FRH15/MFRH15E08200630.pdf", "path": "full/fe52ef018c787112daa113d020c121fb76d11a9f.pdf", "checksum": "090b7f0c7afba507f7c1c38374ef654d"}]},
{"file_urls": ["https://www.edt-sg.com/intranet/fondos/FRH15/MFRH15E11200630.pdf"], "files": [{"url": "https://www.edt-sg.com/intranet/fondos/FRH15/MFRH15E10200630.pdf", "path": "full/28129f2e1c56175d2d1ada41a758976acea03351.pdf", "checksum": "ea979308c54493fe1e4abb00eedfb3ce"}]},
{"file_urls": ["https://www.edt-sg.com/intranet/fondos/FRH15/MFRH15E11200630.pdf"], "files": [{"url": "https://www.edt-sg.com/intranet/fondos/FRH15/MFRH15E04200630.pdf", "path": "full/4657d6ed9aa2a30e4f95de17ac3547d46e614951.pdf", "checksum": "f1d304856fcd9adb92820b4564dd34e8"}]},
{"file_urls": ["https://www.edt-sg.com/intranet/fondos/FRH15/MFRH15E11200630.pdf"], "files": [{"url": "https://www.edt-sg.com/intranet/fondos/FRH15/MFRH15E09200630.pdf", "path": "full/a1aa089aad49dc7572f6837422651ba5b8d45a21.pdf", "checksum": "4ad1011f6eb16b0c56e4c8fd75db2674"}]},
{"file_urls": ["https://www.edt-sg.com/intranet/fondos/FBR13/MFBR13E11200630.pdf"], "files": [{"url": "https://www.edt-sg.com/intranet/fondos/FBR13/MFBR13A01200630.pdf", "path": "full/8ccbe9f65b2d69e2b0bb00c0095aebf69024919e.pdf", "checksum": "cd563a9d5ef69bef13c107729711d909"}]},
{"file_urls": ["https://www.edt-sg.com/intranet/fondos/FBR13/MFBR13E11200630.pdf"], "files": [{"url": "https://www.edt-sg.com/intranet/fondos/FBR13/MFBR13A02200630.pdf", "path": "full/ae86df757a840a0d830b1c6d0270f5177fccd93f.pdf", "checksum": "5999bb9fca7eb6e101cefa3b62c2d2ba"}]},
{"file_urls": ["https://www.edt-sg.com/intranet/fondos/FBR13/MFBR13E11200630.pdf"], "files": [{"url": "https://www.edt-sg.com/intranet/fondos/FBR13/MFBR13A03200630.pdf", "path": "full/96459ccb9ea82e563da3a6852d472b5d767f258c.pdf", "checksum": "42451c8fed47e492e8678f49812e271b"}]},
{"file_urls": ["https://www.edt-sg.com/intranet/fondos/FRH15/MFRH15E11200630.pdf"], "files": [{"url": "https://www.edt-sg.com/intranet/fondos/FRH15/MFRH15E03200630.pdf", "path": "full/f3d7c7c78eb34f77a4bc26ea77a4f92f33e10a7c.pdf", "checksum": "c31dba06cb0975cd8dbbbf90cae96844"}]},
{"file_urls": ["https://www.edt-sg.com/intranet/fondos/FRH15/MFRH15E11200630.pdf"], "files": [{"url": "https://www.edt-sg.com/intranet/fondos/FRH15/MFRH15E11200630.pdf", "path": "full/657709183e857fab8587ff9ec6e06db1c453dba6.pdf", "checksum": "69b1b2a44fcd0ce8e0c1ed6efe1bfc68"}]},
{"file_urls": ["https://www.edt-sg.com/intranet/fondos/FBR13/MFBR13E11200630.pdf"], "files": [{"url": "https://www.edt-sg.com/intranet/fondos/FBR13/MFBR13A05200630.pdf", "path": "full/2ecb0358489da01240f6e6ae490c5de16e14f8b5.pdf", "checksum": "e9e805e93903b7b7982db1064de824ff"}]},
{"file_urls": ["https://www.edt-sg.com/intranet/fondos/FBR13/MFBR13E11200630.pdf"], "files": [{"url": "https://www.edt-sg.com/intranet/fondos/FBR13/MFBR13A04200630.pdf", "path": "full/17322ddcd9fcadb4828cdea3beb0bd6472cb1651.pdf", "checksum": "75b44ecfb8b089e9d2cfcb329cfbb4eb"}]},
{"file_urls": ["https://www.edt-sg.com/intranet/fondos/FBR13/MFBR13E11200630.pdf"], "files": [{"url": "https://www.edt-sg.com/intranet/fondos/FBR13/MFBR13A06200630.pdf", "path": "full/38cb96c7951f1e2215fc01d7db68f09d7574e907.pdf", "checksum": "270425cbb7d52a7250aa9868e2624ac6"}]},
{"file_urls": ["https://www.edt-sg.com/intranet/fondos/FBR13/MFBR13E11200630.pdf"], "files": [{"url": "https://www.edt-sg.com/intranet/fondos/FBR13/MFBR13A07200630.pdf", "path": "full/6e9721052769a381449a1106d8808a7a66adedb7.pdf", "checksum": "d2eeb74dc8f85e822fa4d79c16cc700a"}]},
{"file_urls": ["https://www.edt-sg.com/intranet/fondos/FRH15/MFRH15E11200630.pdf"], "files": [{"url": "https://www.edt-sg.com/intranet/fondos/FRH15/MFRH15E01200630.pdf", "path": "full/14feea9caf12bc115c451918d7c7ed64be83c910.pdf", "checksum": "6fab7a7314265282bdfe1d605b174b21"}]},
{"file_urls": ["https://www.edt-sg.com/intranet/fondos/FBR13/MFBR13E11200630.pdf"], "files": [{"url": "https://www.edt-sg.com/intranet/fondos/FBR13/MFBR13A08200630.pdf", "path": "full/627c85b1e9fb96d2353c78e049498534d55fb38f.pdf", "checksum": "c211b1e5c4a30a2f0d06465ba37c53ac"}]},
{"file_urls": ["https://www.edt-sg.com/intranet/fondos/FBR13/MFBR13E11200630.pdf"], "files": [{"url": "https://www.edt-sg.com/intranet/fondos/FBR13/MFBR13E01200630.pdf", "path": "full/29c744326aca341c5e0cbfd795b6aa9de7b2c2c8.pdf", "checksum": "5e34c6a150ad257d034f45de91e33ed0"}]},
{"file_urls": ["https://www.edt-sg.com/intranet/fondos/FBR13/MFBR13E11200630.pdf"], "files": [{"url": "https://www.edt-sg.com/intranet/fondos/FBR13/MFBR13E04200630.pdf", "path": "full/7a69638220f51ec4f082147685f9e91f08069bb5.pdf", "checksum": "9f446d90c70200b0541a70493cc9d00c"}]},
{"file_urls": ["https://www.edt-sg.com/intranet/fondos/FBR13/MFBR13E11200630.pdf"], "files": [{"url": "https://www.edt-sg.com/intranet/fondos/FBR13/MFBR13E03200630.pdf", "path": "full/c22321b4dc2e18ebc03fd6f8bb38be07aac26e2d.pdf", "checksum": "eae62d3fc44e4b5b3be00fda06170f85"}]},
{"file_urls": ["https://www.edt-sg.com/intranet/fondos/FBR13/MFBR13E11200630.pdf"], "files": [{"url": "https://www.edt-sg.com/intranet/fondos/FBR13/MFBR13E02200630.pdf", "path": "full/011625f2e174faea2d3cca9b19119ec719a72d0d.pdf", "checksum": "fc0fa0b93c0cee6f54ddb7e6c9d375dc"}]},
{"file_urls": ["https://www.edt-sg.com/intranet/fondos/FBR13/MFBR13E11200630.pdf"], "files": [{"url": "https://www.edt-sg.com/intranet/fondos/FBR13/MFBR13A10200630.pdf", "path": "full/b7c06cbe7349cfb694b20d3bf37808d5de03605f.pdf", "checksum": "78f1257e1420323eedea15ec726ddac6"}]},
{"file_urls": ["https://www.edt-sg.com/intranet/fondos/FBR13/MFBR13E11200630.pdf"], "files": [{"url": "https://www.edt-sg.com/intranet/fondos/FBR13/MFBR13E10200630.pdf", "path": "full/7776e544f9de23ce690d44e4392a84efdb3d92ab.pdf", "checksum": "f46d7efe6a7fa7262774f29331d8d6b5"}]},
{"file_urls": ["https://www.edt-sg.com/intranet/fondos/FBR15/MFBR15E11200630.pdf"], "files": [{"url": "https://www.edt-sg.com/intranet/fondos/FBR15/MFBR15A01200630.pdf", "path": "full/03f344e5d12c72ea287ab3b52aa8c72badab3e8f.pdf", "checksum": "78de7599b96755a3a96ec92e563036b5"}]},
{"file_urls": ["https://www.edt-sg.com/intranet/fondos/FBR15/MFBR15E11200630.pdf"], "files": [{"url": "https://www.edt-sg.com/intranet/fondos/FBR15/MFBR15A02200630.pdf", "path": "full/86ea8bc8255b429b932f47fbd63f13dd06e682ea.pdf", "checksum": "d2a31e82efae1ba4517bc72769e9c05b"}]},
{"file_urls": ["https://www.edt-sg.com/intranet/fondos/FBR13/MFBR13E11200630.pdf"], "files": [{"url": "https://www.edt-sg.com/intranet/fondos/FBR13/MFBR13A13200717.pdf", "path": "full/962a5bba9b79a86cc6c8d57ef08af95449405030.pdf", "checksum": "14c83588fdef01488bd823d303a2f1f1"}]},
{"file_urls": ["https://www.edt-sg.com/intranet/fondos/FBR13/MFBR13E11200630.pdf"], "files": [{"url": "https://www.edt-sg.com/intranet/fondos/FBR13/MFBR13E09200630.pdf", "path": "full/7452d0b4f4e967670073f50caa2fcb91aef174b0.pdf", "checksum": "aa5a78433be6275967ee21b55f542571"}]},
{"file_urls": ["https://www.edt-sg.com/intranet/fondos/FBR15/MFBR15E11200630.pdf"], "files": [{"url": "https://www.edt-sg.com/intranet/fondos/FBR15/MFBR15A03200630.pdf", "path": "full/bdb4570793b7705b4834d7efd6447c5424c87eb1.pdf", "checksum": "c572bd5362e6ea837c24a09b4be29e7b"}]},
{"file_urls": ["https://www.edt-sg.com/intranet/fondos/FBR15/MFBR15E11200630.pdf"], "files": [{"url": "https://www.edt-sg.com/intranet/fondos/FBR15/MFBR15A05200630.pdf", "path": "full/3b1fb01ad474d6ea42b3ea2c9cb774b8b81f94eb.pdf", "checksum": "6dd533f9d2bbbb6864ee27fcea5a8c16"}]},
{"file_urls": ["https://www.edt-sg.com/intranet/fondos/FBR15/MFBR15E11200630.pdf"], "files": [{"url": "https://www.edt-sg.com/intranet/fondos/FBR15/MFBR15A06200630.pdf", "path": "full/b26152a74acd7b8ff9d4989bd2df55dcb4697aa9.pdf", "checksum": "8a70dffefec796ab3b53f32c52469ca8"}]},
{"file_urls": ["https://www.edt-sg.com/intranet/fondos/FBR15/MFBR15E11200630.pdf"], "files": [{"url": "https://www.edt-sg.com/intranet/fondos/FBR15/MFBR15A04200630.pdf", "path": "full/b1bb54909ddfed3e7c086cf6f4e993d29990ed59.pdf", "checksum": "2793732bdd8ae48b6668888c6e3498d9"}]},
{"file_urls": ["https://www.edt-sg.com/intranet/fondos/FBR13/MFBR13E11200630.pdf"], "files": [{"url": "https://www.edt-sg.com/intranet/fondos/FBR13/MFBR13E08200630.pdf", "path": "full/bd0bf4c0e5714baebe9d3642b48cbc667d930af3.pdf", "checksum": "9bf7276ae05dd7899930389816f8b025"}]},
{"file_urls": ["https://www.edt-sg.com/intranet/fondos/FBR15/MFBR15E11200630.pdf"], "files": [{"url": "https://www.edt-sg.com/intranet/fondos/FBR15/MFBR15E01200630.pdf", "path": "full/d8430d6003747c103e07ed823d095cf8a2b5fe82.pdf", "checksum": "f26ceb20bb39bbe8234b6e88f91c1765"}]},
{"file_urls": ["https://www.edt-sg.com/intranet/fondos/FBR13/MFBR13E11200630.pdf"], "files": [{"url": "https://www.edt-sg.com/intranet/fondos/FBR13/MFBR13E11200630.pdf", "path": "full/faa8120ed9a288ebc5bb6a54e3db2f48315fb9bd.pdf", "checksum": "af7789ddd1f93f7452b3175409e8cc79"}]},
{"file_urls": ["https://www.edt-sg.com/intranet/fondos/FBR15/MFBR15E11200630.pdf"], "files": [{"url": "https://www.edt-sg.com/intranet/fondos/FBR15/MFBR15A08200630.pdf", "path": "full/ea36c0e3bbc6f131a752b1f56c54b2be2340dbeb.pdf", "checksum": "3c6feb3e30036e0fabd2fc5b8c59c0a2"}]},
{"file_urls": ["https://www.edt-sg.com/intranet/fondos/FBR15/MFBR15E11200630.pdf"], "files": [{"url": "https://www.edt-sg.com/intranet/fondos/FBR15/MFBR15A13200630.pdf", "path": "full/c0993ac0ec96cd57d191b7e8a1d2be7b2fa1f122.pdf", "checksum": "abfc87b130acd6813a332a59bebbea62"}]},
{"file_urls": ["https://www.edt-sg.com/intranet/fondos/FBR15/MFBR15E11200630.pdf"], "files": [{"url": "https://www.edt-sg.com/intranet/fondos/FBR15/MFBR15E03200630.pdf", "path": "full/65e7c316db93bfe4da06b4d36f572c3e7621ede8.pdf", "checksum": "4a07836ec83f06d17bd8e005db34197d"}]},
{"file_urls": ["https://www.edt-sg.com/intranet/fondos/FBR15/MFBR15E11200630.pdf"], "files": [{"url": "https://www.edt-sg.com/intranet/fondos/FBR15/MFBR15E02200630.pdf", "path": "full/ca975bfbf9ca9ee61548afe723a54f4373844424.pdf", "checksum": "7731b5f535fcc79f1986f7bbfde1e425"}]},
{"file_urls": ["https://www.edt-sg.com/intranet/fondos/FBR15/MFBR15E11200630.pdf"], "files": [{"url": "https://www.edt-sg.com/intranet/fondos/FBR15/MFBR15E04200630.pdf", "path": "full/9b96ddcb98dffd0ad9cf73f43ce0dcc8fd14d111.pdf", "checksum": "7ddb71c800716764fe260aeca6d7d87a"}]},
{"file_urls": ["https://www.edt-sg.com/intranet/fondos/FBR15/MFBR15E11200630.pdf"], "files": [{"url": "https://www.edt-sg.com/intranet/fondos/FBR15/MFBR15E08200630.pdf", "path": "full/ab0f1030524fee8f8f4d6bac8be31899cbe1abab.pdf", "checksum": "9a7a0cb6eafff826c942f6da6bec7791"}]},
{"file_urls": ["https://www.edt-sg.com/intranet/fondos/FBR15/MFBR15E11200630.pdf"], "files": [{"url": "https://www.edt-sg.com/intranet/fondos/FBR15/MFBR15E10200630.pdf", "path": "full/82cced8a37bb5d1e245b65878c3821be6e27acdd.pdf", "checksum": "164d9d048c9343cd826a236efa308b6c"}]},
{"file_urls": ["https://www.edt-sg.com/intranet/fondos/FBVC8/MFBVC8E10200630.pdf"], "files": [{"url": "https://www.edt-sg.com/intranet/fondos/FBVC8/MFBVC8A01200630.pdf", "path": "full/8522d1a677f4879878694ee0d1effd85b7124bf8.pdf", "checksum": "c6d59d8936478b2aa44ba45fc22852d3"}]},
{"file_urls": ["https://www.edt-sg.com/intranet/fondos/FBR15/MFBR15E11200630.pdf"], "files": [{"url": "https://www.edt-sg.com/intranet/fondos/FBR15/MFBR15E11200630.pdf", "path": "full/6eb604ff9e8a644deb337b00a415ffcbf5e84257.pdf", "checksum": "d6626dc9e8b084e4c22ce3909acb51ce"}]},
{"file_urls": ["https://www.edt-sg.com/intranet/fondos/FBR15/MFBR15E11200630.pdf"], "files": [{"url": "https://www.edt-sg.com/intranet/fondos/FBR15/MFBR15A07200630.pdf", "path": "full/54376478a53d699809995d1c78fd7bbcc7157d53.pdf", "checksum": "8299ee22badcbfc0bab0cc4a369667e0"}]},
{"file_urls": ["https://www.edt-sg.com/intranet/fondos/FBVC8/MFBVC8E10200630.pdf"], "files": [{"url": "https://www.edt-sg.com/intranet/fondos/FBVC8/MFBVC8A03200630.pdf", "path": "full/bc4de6a848b9374fce5a1300575d2cde9e7db93a.pdf", "checksum": "7c78fc61b5c5e4c592741268536511a1"}]},
{"file_urls": ["https://www.edt-sg.com/intranet/fondos/FBVC8/MFBVC8E10200630.pdf"], "files": [{"url": "https://www.edt-sg.com/intranet/fondos/FBVC8/MFBVC8A02200630.pdf", "path": "full/36e8b8f84d02f7ccd8b3dd9270b5ccdb0ca9b094.pdf", "checksum": "6b53e5f194e07b389417ec73f64fc34a"}]},
{"file_urls": ["https://www.edt-sg.com/intranet/fondos/FBVC8/MFBVC8E10200630.pdf"], "files": [{"url": "https://www.edt-sg.com/intranet/fondos/FBVC8/MFBVC8A04200630.pdf", "path": "full/0130453c2ac85252f98ba677e719ff486468311f.pdf", "checksum": "daa50664ee2ec46249dafa8c08e9b7ab"}]},
{"file_urls": ["https://www.edt-sg.com/intranet/fondos/FBR15/MFBR15E11200630.pdf"], "files": [{"url": "https://www.edt-sg.com/intranet/fondos/FBR15/MFBR15E09200630.pdf", "path": "full/c9bf7dd03114a5b9d89d5a1d072dcd65b1549e4c.pdf", "checksum": "7851efd97eadf8cde8605c7983e7192c"}]},
{"file_urls": ["https://www.edt-sg.com/intranet/fondos/FBVC8/MFBVC8E10200630.pdf"], "files": [{"url": "https://www.edt-sg.com/intranet/fondos/FBVC8/MFBVC8A05200630.pdf", "path": "full/48459e422204fea7aba1e37c7f42cfd607e2141c.pdf", "checksum": "71d4cdbefb83e0c4b375d5a5005fc793"}]},
{"file_urls": ["https://www.edt-sg.com/intranet/fondos/FBVC8/MFBVC8E10200630.pdf"], "files": [{"url": "https://www.edt-sg.com/intranet/fondos/FBVC8/MFBVC8A06200630.pdf", "path": "full/d12c3a1cd5853c1f0e8b7e5fc8a7a6de3c049aab.pdf", "checksum": "ec8e51bac030a3677218dfdaf31ec943"}]},
{"file_urls": ["https://www.edt-sg.com/intranet/fondos/FBVC8/MFBVC8E10200630.pdf"], "files": [{"url": "https://www.edt-sg.com/intranet/fondos/FBVC8/MFBVC8A08200630.pdf", "path": "full/22a4b577e80606ac2eba9df405ebfd86ed249f59.pdf", "checksum": "01282efd8294f9cb649883984d34312d"}]},
{"file_urls": ["https://www.edt-sg.com/intranet/fondos/FBVC8/MFBVC8E10200630.pdf"], "files": [{"url": "https://www.edt-sg.com/intranet/fondos/FBVC8/MFBVC8E08200630.pdf", "path": "full/a797b6a26349334db4c8269cf88d02014a918d11.pdf", "checksum": "87ba07a9cdfba3493c6857638cadc467"}]},
{"file_urls": ["https://www.edt-sg.com/intranet/fondos/FBVC8/MFBVC8E10200630.pdf"], "files": [{"url": "https://www.edt-sg.com/intranet/fondos/FBVC8/MFBVC8E02200630.pdf", "path": "full/5cd30a09eab81600db00fe79b09e74d1d23707f7.pdf", "checksum": "6605371491d99a14713de7699017f0cd"}]},
{"file_urls": ["https://www.edt-sg.com/intranet/fondos/FBVC8/MFBVC8E10200630.pdf"], "files": [{"url": "https://www.edt-sg.com/intranet/fondos/FBVC8/MFBVC8E03200630.pdf", "path": "full/dc2fc2b449d859533b65b6068d59239087f0105a.pdf", "checksum": "e74ad9aa8f11e75353a602de9f22f18d"}]},
{"file_urls": ["https://www.edt-sg.com/intranet/fondos/FBVC8/MFBVC8E10200630.pdf"], "files": [{"url": "https://www.edt-sg.com/intranet/fondos/FBVC8/MFBVC8A13200703.pdf", "path": "full/8108cdceae63990ec43bb2e776e955688ec6fab8.pdf", "checksum": "f410a20756fa86a1792ddc268ee9e26c"}]},
{"file_urls": ["https://www.edt-sg.com/intranet/fondos/FBVC8/MFBVC8E10200630.pdf"], "files": [{"url": "https://www.edt-sg.com/intranet/fondos/FBVC8/MFBVC8E04200630.pdf", "path": "full/514cbedc546b1ed0f7bd9eb70bd0718538e61403.pdf", "checksum": "b648b8dfe63321aa6f28499de31869ee"}]},
{"file_urls": ["https://www.edt-sg.com/intranet/fondos/FBVC8/MFBVC8E10200630.pdf"], "files": [{"url": "https://www.edt-sg.com/intranet/fondos/FBVC8/MFBVC8E10200630.pdf", "path": "full/bdaa27dedc627ee8d33bf9bf06e1e50d8b2a5827.pdf", "checksum": "1eaee44c6f14d0da391a796895451189"}]},
{"file_urls": ["https://www.edt-sg.com/intranet/fondos/FBVC8/MFBVC8E10200630.pdf"], "files": [{"url": "https://www.edt-sg.com/intranet/fondos/FBVC8/MFBVC8E09200630.pdf", "path": "full/edaea3881dcaa4798dff334d1c466b80e2d7e669.pdf", "checksum": "407c547a897e02dc6d3c1811b1f0c7dc"}]},
{"file_urls": ["https://www.edt-sg.com/intranet/fondos/FGH06/MFGH06E18200630.pdf"], "files": [{"url": "https://www.edt-sg.com/intranet/fondos/FGH06/MFGH06A01200630.pdf", "path": "full/c2046a30a25ad2602f61405ac68762a634fc7fc6.pdf", "checksum": "b02cc5f578dabfc8720abc4d79f60a91"}]},
{"file_urls": ["https://www.edt-sg.com/intranet/fondos/FGH06/MFGH06E18200630.pdf"], "files": [{"url": "https://www.edt-sg.com/intranet/fondos/FGH06/MFGH06A02200630.pdf", "path": "full/a1267f93463c19c1c5b10800ff00d01935531fe5.pdf", "checksum": "383cb595c852fc5a07aecc82e96483b5"}]},
{"file_urls": ["https://www.edt-sg.com/intranet/fondos/FGH06/MFGH06E18200630.pdf"], "files": [{"url": "https://www.edt-sg.com/intranet/fondos/FGH06/MFGH06A03200630.pdf", "path": "full/b3e63bbda0e08cb2617e2a5e5cd62e8e3b0b9adf.pdf", "checksum": "608777b90d6fb2b4309d65535e645a98"}]},
{"file_urls": ["https://www.edt-sg.com/intranet/fondos/FBVC8/MFBVC8E10200630.pdf"], "files": [{"url": "https://www.edt-sg.com/intranet/fondos/FBVC8/MFBVC8E01200630.pdf", "path": "full/5a6541d596324e00e05d96643dc8e718ba640661.pdf", "checksum": "c8e5965e377b320c9f5a81b8836296c6"}]},
{"file_urls": ["https://www.edt-sg.com/intranet/fondos/FGH06/MFGH06E18200630.pdf"], "files": [{"url": "https://www.edt-sg.com/intranet/fondos/FGH06/MFGH06A08200630.pdf", "path": "full/caaf250ea8b35a8eeb83d65a35177c8ca5d22275.pdf", "checksum": "c1a52e21d79bfafeda7e740c112d4b1b"}]},
{"file_urls": ["https://www.edt-sg.com/intranet/fondos/FGH06/MFGH06E18200630.pdf"], "files": [{"url": "https://www.edt-sg.com/intranet/fondos/FGH06/MFGH06A06200630.pdf", "path": "full/500d0844a46dfef497d3adc1db49320d7510a19d.pdf", "checksum": "3a6543e5d853565c5ec049fde54bca9a"}]},
{"file_urls": ["https://www.edt-sg.com/intranet/fondos/FGH06/MFGH06E18200630.pdf"], "files": [{"url": "https://www.edt-sg.com/intranet/fondos/FGH06/MFGH06A07200630.pdf", "path": "full/5a68e3488e057dad644b438e08f016256d551870.pdf", "checksum": "adbe2fb8573fabcb1518bec7700c1c70"}]},
{"file_urls": ["https://www.edt-sg.com/intranet/fondos/FGH06/MFGH06E18200630.pdf"], "files": [{"url": "https://www.edt-sg.com/intranet/fondos/FGH06/MFGH06A04200630.pdf", "path": "full/98cee0e9a29c8b95226f2bc02eccb507c7a8bca3.pdf", "checksum": "2789f05d5a048d6ed5aecacd0068c1a7"}]},
{"file_urls": ["https://www.edt-sg.com/intranet/fondos/FGH06/MFGH06E18200630.pdf"], "files": [{"url": "https://www.edt-sg.com/intranet/fondos/FGH06/MFGH06A13200630.pdf", "path": "full/4f988fa9330a591d7a52e9c3e34c2767ea53c0ab.pdf", "checksum": "ecf18fb77eb0829efff52b3844e999ea"}]},
{"file_urls": ["https://www.edt-sg.com/intranet/fondos/FGH06/MFGH06E18200630.pdf"], "files": [{"url": "https://www.edt-sg.com/intranet/fondos/FGH06/MFGH06E01200630.pdf", "path": "full/6d5c6b78f4e3a3907f92d2a5f959aca32c408498.pdf", "checksum": "ad9a66217703559247945948b83a9951"}]},
{"file_urls": ["https://www.edt-sg.com/intranet/fondos/FGH06/MFGH06E18200630.pdf"], "files": [{"url": "https://www.edt-sg.com/intranet/fondos/FGH06/MFGH06E04200630.pdf", "path": "full/c0017122971f16c20c0c35bfba57d5d2464b21ee.pdf", "checksum": "8cc3a9d55b1129ced19ce926d0605970"}]},
{"file_urls": ["https://www.edt-sg.com/intranet/fondos/FGH06/MFGH06E18200630.pdf"], "files": [{"url": "https://www.edt-sg.com/intranet/fondos/FGH06/MFGH06E03200630.pdf", "path": "full/9b5b910de45c1fe69e4dbead47f03817ed5d1565.pdf", "checksum": "6bb728da5e2173d33424cd88ab370eab"}]},
{"file_urls": ["https://www.edt-sg.com/intranet/fondos/FGH06/MFGH06E18200630.pdf"], "files": [{"url": "https://www.edt-sg.com/intranet/fondos/FGH06/MFGH06E11200630.pdf", "path": "full/dc0e5dd70770691fe02758794bbd49be2e0a73b7.pdf", "checksum": "de66ea24ea3066ea48bbf7249c87d7da"}]},
{"file_urls": ["https://www.edt-sg.com/intranet/fondos/FGH06/MFGH06E18200630.pdf"], "files": [{"url": "https://www.edt-sg.com/intranet/fondos/FGH06/MFGH06A05200630.pdf", "path": "full/3e593e4d2863a4e0536f14db3e0ec04a310fee4b.pdf", "checksum": "080e64b443c6deb6171693c22e55ee76"}]},
{"file_urls": ["https://www.edt-sg.com/intranet/fondos/FGH06/MFGH06E18200630.pdf"], "files": [{"url": "https://www.edt-sg.com/intranet/fondos/FGH06/MFGH06E16200630.pdf", "path": "full/1778de7438964e333d3535ba6b0adfbf97aecbb4.pdf", "checksum": "17b7e4388bf15bab5a7191dac760bd6f"}]},
{"file_urls": ["https://www.edt-sg.com/intranet/fondos/FGH06/MFGH06E18200630.pdf"], "files": [{"url": "https://www.edt-sg.com/intranet/fondos/FGH06/MFGH06E18200630.pdf", "path": "full/28eabff9af084fe29e101c813855342b2ba96a9d.pdf", "checksum": "b3479e080b0f310fb882344acf3709f6"}]},
{"file_urls": ["https://www.edt-sg.com/intranet/fondos/FGH06/MFGH06E18200630.pdf"], "files": [{"url": "https://www.edt-sg.com/intranet/fondos/FGH06/MFGH06E17200630.pdf", "path": "full/75b0c25002f969972e0f81bd419569931e585f0a.pdf", "checksum": "a11521b36d0315cb3f60c03d9856c57d"}]},
{"file_urls": ["https://www.edt-sg.com/intranet/fondos/FGH06/MFGH06E18200630.pdf"], "files": [{"url": "https://www.edt-sg.com/intranet/fondos/FGH06/MFGH06E02200630.pdf", "path": "full/b2b524db98194b08c661cc2b7f5ec07ac338f3ca.pdf", "checksum": "4852e0636cf5182d947f9824ff4c6c8d"}]},
{"file_urls": ["https://www.edt-sg.com/intranet/fondos/FBCA2/MFBCA2E04200630.pdf"], "files": [{"url": "https://www.edt-sg.com/intranet/fondos/FBCA2/MFBCA2A03200630.pdf", "path": "full/c9c4e04af216c54de8c6f4f2c92e5139acdd5245.pdf", "checksum": "6bf6a4ec6e1de9807a51cb30826579d9"}]},
{"file_urls": ["https://www.edt-sg.com/intranet/fondos/FBCA2/MFBCA2E04200630.pdf"], "files": [{"url": "https://www.edt-sg.com/intranet/fondos/FBCA2/MFBCA2A01200630.pdf", "path": "full/20f53ca568cd5d30e4dc75e10f03cc4ddf578e7f.pdf", "checksum": "5393c13de6f92fb2b1ce8e96ab830f8c"}]},
{"file_urls": ["https://www.edt-sg.com/intranet/fondos/FBCA2/MFBCA2E04200630.pdf"], "files": [{"url": "https://www.edt-sg.com/intranet/fondos/FBCA2/MFBCA2A02200630.pdf", "path": "full/cb8d680d7356b0ffe2148b7dfe2e7e140719ac6e.pdf", "checksum": "d9c3ffc324ee211dc72358a44c5876e0"}]},
{"file_urls": ["https://www.edt-sg.com/intranet/fondos/FBCA2/MFBCA2E04200630.pdf"], "files": [{"url": "https://www.edt-sg.com/intranet/fondos/FBCA2/MFBCA2A06200630.pdf", "path": "full/1650135815ce27892df6315d06bdd444a892d3c7.pdf", "checksum": "dcc1f135d652e93218479900be1156f1"}]},
{"file_urls": ["https://www.edt-sg.com/intranet/fondos/FBCA2/MFBCA2E04200630.pdf"], "files": [{"url": "https://www.edt-sg.com/intranet/fondos/FBCA2/MFBCA2A08200630.pdf", "path": "full/dc180f27795e6dc0420c3ad5cb888e602be9f0ac.pdf", "checksum": "1627fb2cf7dd9d399ae0644e2edfdc96"}]},
{"file_urls": ["https://www.edt-sg.com/intranet/fondos/FBCA2/MFBCA2E04200630.pdf"], "files": [{"url": "https://www.edt-sg.com/intranet/fondos/FBCA2/MFBCA2A04200630.pdf", "path": "full/76e340f4a5b92a8bc85fe268a7f1e1bd262cec6f.pdf", "checksum": "122a051593ad81447716d7495895e36f"}]},
{"file_urls": ["https://www.edt-sg.com/intranet/fondos/FRH14/MFRH14E11200630.pdf"], "files": [{"url": "https://www.edt-sg.com/intranet/fondos/FRH14/MFRH14A02200630.pdf", "path": "full/74db4eeac51748a30d0b99b06b51973a91164306.pdf", "checksum": "b64b3a4243e450c7bb23cb01ab246fd7"}]},
{"file_urls": ["https://www.edt-sg.com/intranet/fondos/FBCA2/MFBCA2E04200630.pdf"], "files": [{"url": "https://www.edt-sg.com/intranet/fondos/FBCA2/MFBCA2A05200630.pdf", "path": "full/1d7614769b9a50e677f865148105fa458a0a7aab.pdf", "checksum": "b495e23ffda3808b9c8fce4d165b8cc3"}]},
{"file_urls": ["https://www.edt-sg.com/intranet/fondos/FBCA2/MFBCA2E04200630.pdf"], "files": [{"url": "https://www.edt-sg.com/intranet/fondos/FBCA2/MFBCA2A13200630.pdf", "path": "full/db50e3334c94d7692daf5c456751410e3d911670.pdf", "checksum": "767e9faa4303250dfb452f0494243e5f"}]},
{"file_urls": ["https://www.edt-sg.com/intranet/fondos/FRH14/MFRH14E11200630.pdf"], "files": [{"url": "https://www.edt-sg.com/intranet/fondos/FRH14/MFRH14A01200630.pdf", "path": "full/397094fe55d6e5fc3adf5a2e76cbf5d700f4a7cc.pdf", "checksum": "af3490f927a31ed9153499edd300d59c"}]},
{"file_urls": ["https://www.edt-sg.com/intranet/fondos/FRH14/MFRH14E11200630.pdf"], "files": [{"url": "https://www.edt-sg.com/intranet/fondos/FRH14/MFRH14A03200630.pdf", "path": "full/80d919276f093fc09456060235b54e376f9dd839.pdf", "checksum": "cad02db4f8c1b7aa223ae06aaaa254e3"}]},
{"file_urls": ["https://www.edt-sg.com/intranet/fondos/FBCA2/MFBCA2E04200630.pdf"], "files": [{"url": "https://www.edt-sg.com/intranet/fondos/FBCA2/MFBCA2E04200630.pdf", "path": "full/83f6bc6279032a884dfcd7bd60ade817982cce16.pdf", "checksum": "6942056adcfd739e423277b05f5d6096"}]},
{"file_urls": ["https://www.edt-sg.com/intranet/fondos/FRH14/MFRH14E11200630.pdf"], "files": [{"url": "https://www.edt-sg.com/intranet/fondos/FRH14/MFRH14A05200630.pdf", "path": "full/74f6e0bb93c6203d9c7a6c4d76c8ad17c6a114b8.pdf", "checksum": "8a73cb1c9d3017c83c0b69a74ea7e6b0"}]},
{"file_urls": ["https://www.edt-sg.com/intranet/fondos/FBCA2/MFBCA2E04200630.pdf"], "files": [{"url": "https://www.edt-sg.com/intranet/fondos/FBCA2/MFBCA2E01200630.pdf", "path": "full/4cfcc52eb40fd5eddabf32507249862be243778c.pdf", "checksum": "48c17e63e9081373bc789afa7627c7ca"}]},
{"file_urls": ["https://www.edt-sg.com/intranet/fondos/FRH14/MFRH14E11200630.pdf"], "files": [{"url": "https://www.edt-sg.com/intranet/fondos/FRH14/MFRH14A04200630.pdf", "path": "full/e9c1243b3aba06d47e15afc294ca9b932e916312.pdf", "checksum": "606723adece59c9624c2363db47380e7"}]},
{"file_urls": ["https://www.edt-sg.com/intranet/fondos/FRH14/MFRH14E11200630.pdf"], "files": [{"url": "https://www.edt-sg.com/intranet/fondos/FRH14/MFRH14A06200630.pdf", "path": "full/7fd79fad1bcbaa7e44a0b144acc1e91d17b1bb73.pdf", "checksum": "0c7645d581323a772c7f7aa57fccb725"}]},
{"file_urls": ["https://www.edt-sg.com/intranet/fondos/FRH14/MFRH14E11200630.pdf"], "files": [{"url": "https://www.edt-sg.com/intranet/fondos/FRH14/MFRH14A13200630.pdf", "path": "full/cc2a4ce477b4bacd2026e3a0c3d70a5fa4d8bfc3.pdf", "checksum": "1912d1ec5fcf01a120ceecdbfd8dc4d8"}]},
{"file_urls": ["https://www.edt-sg.com/intranet/fondos/FRH14/MFRH14E11200630.pdf"], "files": [{"url": "https://www.edt-sg.com/intranet/fondos/FRH14/MFRH14A08200630.pdf", "path": "full/dc64437e097dce5589344b1d5201cadc0482a839.pdf", "checksum": "cca7797ce7a90d2b3c1fcd4b1670cf11"}]},
{"file_urls": ["https://www.edt-sg.com/intranet/fondos/FRH14/MFRH14E11200630.pdf"], "files": [{"url": "https://www.edt-sg.com/intranet/fondos/FRH14/MFRH14E04200630.pdf", "path": "full/bb95b0199e7ddc9c4382a46e897f5619464ed10e.pdf", "checksum": "2e607356aec284e136381cd3b66fb36d"}]},
{"file_urls": ["https://www.edt-sg.com/intranet/fondos/FRH14/MFRH14E11200630.pdf"], "files": [{"url": "https://www.edt-sg.com/intranet/fondos/FRH14/MFRH14A07200630.pdf", "path": "full/a5179005b093bf20469403ca379e3c76cb5e02f5.pdf", "checksum": "55a3a7b41a55a5c2fec19d678ddd814e"}]},
{"file_urls": ["https://www.edt-sg.com/intranet/fondos/FRH14/MFRH14E11200630.pdf"], "files": [{"url": "https://www.edt-sg.com/intranet/fondos/FRH14/MFRH14E02200630.pdf", "path": "full/d09fbaad5774abdbc3cfba18ea932d20c96dc2c7.pdf", "checksum": "d311f5ccf5bcdc4c4e9986840f7b77eb"}]},
{"file_urls": ["https://www.edt-sg.com/intranet/fondos/FRH14/MFRH14E11200630.pdf"], "files": [{"url": "https://www.edt-sg.com/intranet/fondos/FRH14/MFRH14E03200630.pdf", "path": "full/e77eab23c7ebd626a03dad0776d3260af220e8eb.pdf", "checksum": "762d8deb3401b0f3b0004976a96b77fb"}]},
{"file_urls": ["https://www.edt-sg.com/intranet/fondos/FRH14/MFRH14E11200630.pdf"], "files": [{"url": "https://www.edt-sg.com/intranet/fondos/FRH14/MFRH14E11200630.pdf", "path": "full/7bc864222bc4c06f31706cefd464782161c29e37.pdf", "checksum": "5379845f0727075551418d4a27222cca"}]},
{"file_urls": ["https://www.edt-sg.com/intranet/fondos/FBVC7/MFBVC7E10200630.pdf"], "files": [{"url": "https://www.edt-sg.com/intranet/fondos/FBVC7/MFBVC7A02200630.pdf", "path": "full/d029632e113097b552e1c878914c7c6511e456a4.pdf", "checksum": "fa3912ca747d247f1a99164d1fd7ee32"}]},
{"file_urls": ["https://www.edt-sg.com/intranet/fondos/FRH14/MFRH14E11200630.pdf"], "files": [{"url": "https://www.edt-sg.com/intranet/fondos/FRH14/MFRH14E08200630.pdf", "path": "full/f64c88ba2681b4c79cdada8fdf5a2b5c71035173.pdf", "checksum": "ee8fc5d9195d3bce2fd30188ef8394b4"}]},
{"file_urls": ["https://www.edt-sg.com/intranet/fondos/FBVC7/MFBVC7E10200630.pdf"], "files": [{"url": "https://www.edt-sg.com/intranet/fondos/FBVC7/MFBVC7A01200630.pdf", "path": "full/2e8cd9e08f5d2153ceb936fbfd8fd397400ff65c.pdf", "checksum": "524f2dd44ecf673baa24dba3b4e9388e"}]},
{"file_urls": ["https://www.edt-sg.com/intranet/fondos/FRH14/MFRH14E11200630.pdf"], "files": [{"url": "https://www.edt-sg.com/intranet/fondos/FRH14/MFRH14E09200630.pdf", "path": "full/477158618a36669253b29ed3e1d7ac491c29ced8.pdf", "checksum": "f71e2e52ce043cd94aa9e29aa6cee8e0"}]},
{"file_urls": ["https://www.edt-sg.com/intranet/fondos/FBVC7/MFBVC7E10200630.pdf"], "files": [{"url": "https://www.edt-sg.com/intranet/fondos/FBVC7/MFBVC7A03200630.pdf", "path": "full/0273757a6e9d8bb94846d3b70734d38a0523fa4a.pdf", "checksum": "93c50344c2b29d126cdf0af39eb18667"}]},
{"file_urls": ["https://www.edt-sg.com/intranet/fondos/FRH14/MFRH14E11200630.pdf"], "files": [{"url": "https://www.edt-sg.com/intranet/fondos/FRH14/MFRH14E01200630.pdf", "path": "full/e479eca7a560a07bfaedcba188214817ef869741.pdf", "checksum": "5109d06b6030205d03beb47bf3bd9ed0"}]},
{"file_urls": ["https://www.edt-sg.com/intranet/fondos/FBVC7/MFBVC7E10200630.pdf"], "files": [{"url": "https://www.edt-sg.com/intranet/fondos/FBVC7/MFBVC7A04200630.pdf", "path": "full/de7bb55de4569b392f48952fe8a38359de978d37.pdf", "checksum": "74d0ad04969b73fcd225b55df8e92708"}]},
{"file_urls": ["https://www.edt-sg.com/intranet/fondos/FBVC7/MFBVC7E10200630.pdf"], "files": [{"url": "https://www.edt-sg.com/intranet/fondos/FBVC7/MFBVC7A05200630.pdf", "path": "full/fb149da73fa67c212f665b9882faa402606a6f29.pdf", "checksum": "0c63242c6c4d9fa3c3264e5800c2b8b2"}]},
{"file_urls": ["https://www.edt-sg.com/intranet/fondos/FBVC7/MFBVC7E10200630.pdf"], "files": [{"url": "https://www.edt-sg.com/intranet/fondos/FBVC7/MFBVC7A06200630.pdf", "path": "full/475cea856f1657ce901d3b33aeed7e88db342567.pdf", "checksum": "a39d242ccdd8e9d7076fc81a649986e5"}]},
{"file_urls": ["https://www.edt-sg.com/intranet/fondos/FRH14/MFRH14E11200630.pdf"], "files": [{"url": "https://www.edt-sg.com/intranet/fondos/FRH14/MFRH14E10200630.pdf", "path": "full/e0db4cb228dd1993a37d2680c7de6f5a865e7fe8.pdf", "checksum": "937959a948a4a81d5d3af8d5e4f3cff1"}]},
{"file_urls": ["https://www.edt-sg.com/intranet/fondos/FBVC7/MFBVC7E10200630.pdf"], "files": [{"url": "https://www.edt-sg.com/intranet/fondos/FBVC7/MFBVC7E04200630.pdf", "path": "full/9a4a6eb2362df703975b33d22779b3ccfaf78f74.pdf", "checksum": "998367504f53396f0943f38d5e1dd6b8"}]},
{"file_urls": ["https://www.edt-sg.com/intranet/fondos/FBVC7/MFBVC7E10200630.pdf"], "files": [{"url": "https://www.edt-sg.com/intranet/fondos/FBVC7/MFBVC7E01200630.pdf", "path": "full/783229027a07e4f6b59eb62f3c1bb19779525f93.pdf", "checksum": "6ec92c07988d80ed898592ed5203d9e2"}]},
{"file_urls": ["https://www.edt-sg.com/intranet/fondos/FBVC7/MFBVC7E10200630.pdf"], "files": [{"url": "https://www.edt-sg.com/intranet/fondos/FBVC7/MFBVC7A13200630.pdf", "path": "full/d7b54a6a33164daf6a3ee8f71c72b4ced110f3fa.pdf", "checksum": "e3e8132f650208bbfbc7b8ae5971e946"}]},
{"file_urls": ["https://www.edt-sg.com/intranet/fondos/FBVC7/MFBVC7E10200630.pdf"], "files": [{"url": "https://www.edt-sg.com/intranet/fondos/FBVC7/MFBVC7A08200630.pdf", "path": "full/1293cff218715e91e9ffeabe950dd20f902847eb.pdf", "checksum": "6ddc077f2229c035806d604b78c11d13"}]},
{"file_urls": ["https://www.edt-sg.com/intranet/fondos/FBVC7/MFBVC7E10200630.pdf"], "files": [{"url": "https://www.edt-sg.com/intranet/fondos/FBVC7/MFBVC7E03200630.pdf", "path": "full/fc5c7506da80069299e2e159715f2bada7459836.pdf", "checksum": "6fba0a9c916ef29ef820fc639755f008"}]},
{"file_urls": ["https://www.edt-sg.com/intranet/fondos/FBVC7/MFBVC7E10200630.pdf"], "files": [{"url": "https://www.edt-sg.com/intranet/fondos/FBVC7/MFBVC7E10200630.pdf", "path": "full/4a16718c651330db05f42f299342c19fca3c4dc1.pdf", "checksum": "51d8efff1f340bfb6210bcf2244d5b1c"}]},
{"file_urls": ["https://www.edt-sg.com/intranet/fondos/FBVC7/MFBVC7E10200630.pdf"], "files": [{"url": "https://www.edt-sg.com/intranet/fondos/FBVC7/MFBVC7E08200630.pdf", "path": "full/89c7345e0d329650c8dbe9ff5aadbd8807956d5f.pdf", "checksum": "b0f05698d5f8f64698826d5b391c1995"}]},
{"file_urls": ["https://www.edt-sg.com/intranet/fondos/FBVC7/MFBVC7E10200630.pdf"], "files": [{"url": "https://www.edt-sg.com/intranet/fondos/FBVC7/MFBVC7E09200630.pdf", "path": "full/49c01a3dad5fcfae2a202a41a93e9869f91b694c.pdf", "checksum": "d0ad6eff36eb9eae8acfccb2d6b86c35"}]},
{"file_urls": ["https://www.edt-sg.com/intranet/fondos/FBVC7/MFBVC7E10200630.pdf"], "files": [{"url": "https://www.edt-sg.com/intranet/fondos/FBVC7/MFBVC7E02200630.pdf", "path": "full/54a824ec16ca7f2c37d3c9bd1e38b7ca628e34b7.pdf", "checksum": "fc0fd70c0fd1db921a5aa3f36ef0eca7"}]},
{"file_urls": ["https://www.edt-sg.com/intranet/fondos/FBK06/MFBK06E11200630.pdf"], "files": [{"url": "https://www.edt-sg.com/intranet/fondos/FBK06/MFBK06A01200630.pdf", "path": "full/ea3c89e5026162aec97bdd31b950d2a0a31cc791.pdf", "checksum": "5152e4b5b6a4dc20cea72ea284842468"}]},
{"file_urls": ["https://www.edt-sg.com/intranet/fondos/FBK06/MFBK06E11200630.pdf"], "files": [{"url": "https://www.edt-sg.com/intranet/fondos/FBK06/MFBK06A04200630.pdf", "path": "full/0e925c0462f1814500591b5aba378e75cd0dd5f2.pdf", "checksum": "ddb976f7c7acdb75cd6fba7c7bace1b7"}]},
{"file_urls": ["https://www.edt-sg.com/intranet/fondos/FBK06/MFBK06E11200630.pdf"], "files": [{"url": "https://www.edt-sg.com/intranet/fondos/FBK06/MFBK06A03200630.pdf", "path": "full/ec4f014b7865ab890e74ce66dfbaa98bfa88e4aa.pdf", "checksum": "0581cbd06c76310c4ad7b1be91040874"}]},
{"file_urls": ["https://www.edt-sg.com/intranet/fondos/FBK06/MFBK06E11200630.pdf"], "files": [{"url": "https://www.edt-sg.com/intranet/fondos/FBK06/MFBK06A08200630.pdf", "path": "full/ad531d5d18f85d1e0c1d81c7cd3e6b3cf486fe36.pdf", "checksum": "a4bcd34303cb44c5abce1548197581fc"}]},
{"file_urls": ["https://www.edt-sg.com/intranet/fondos/FBK06/MFBK06E11200630.pdf"], "files": [{"url": "https://www.edt-sg.com/intranet/fondos/FBK06/MFBK06A07200630.pdf", "path": "full/96757b28e3dfabbf0c7ee4344d9cc1ef3ca7f9db.pdf", "checksum": "be278adfef0a0fba529be497c6e76e80"}]},
{"file_urls": ["https://www.edt-sg.com/intranet/fondos/FBK06/MFBK06E11200630.pdf"], "files": [{"url": "https://www.edt-sg.com/intranet/fondos/FBK06/MFBK06A06200630.pdf", "path": "full/cf9b2168c18cbbe757c02ae43b9749a7454f353a.pdf", "checksum": "9a29365b5ef25ab48b11fa928084f7e2"}]},
{"file_urls": ["https://www.edt-sg.com/intranet/fondos/FBK06/MFBK06E11200630.pdf"], "files": [{"url": "https://www.edt-sg.com/intranet/fondos/FBK06/MFBK06E01200630.pdf", "path": "full/ed0fcba12cc139cd72980ac5b67bd9d6d7f20af1.pdf", "checksum": "3f39beff98d8f75842713e6f032f42b3"}]},
{"file_urls": ["https://www.edt-sg.com/intranet/fondos/FBK06/MFBK06E11200630.pdf"], "files": [{"url": "https://www.edt-sg.com/intranet/fondos/FBK06/MFBK06E02200630.pdf", "path": "full/4680c7337bd1cddcc8a8e2cbf490590bc1f4b66e.pdf", "checksum": "8a9de482033016c92dd763a322264a4b"}]},
{"file_urls": ["https://www.edt-sg.com/intranet/fondos/FBK06/MFBK06E11200630.pdf"], "files": [{"url": "https://www.edt-sg.com/intranet/fondos/FBK06/MFBK06A02200630.pdf", "path": "full/7339bb975417b1d60e3397cbbe16d3649aff77b2.pdf", "checksum": "0da77ab8645966463d68cc25896d5e6b"}]},
{"file_urls": ["https://www.edt-sg.com/intranet/fondos/FBK06/MFBK06E11200630.pdf"], "files": [{"url": "https://www.edt-sg.com/intranet/fondos/FBK06/MFBK06A13200630.pdf", "path": "full/074444da5bc0b08423f31aa95a2a6173d8641709.pdf", "checksum": "21a40ad443d82795ede47a32fd24fc08"}]},
{"file_urls": ["https://www.edt-sg.com/intranet/fondos/FBK06/MFBK06E11200630.pdf"], "files": [{"url": "https://www.edt-sg.com/intranet/fondos/FBK06/MFBK06E08200630.pdf", "path": "full/81da7ff5716d67e8ea99e5670d5a9cc267fe7e47.pdf", "checksum": "c03bf6385d048e159f947df3be181dd4"}]},
{"file_urls": ["https://www.edt-sg.com/intranet/fondos/FBK06/MFBK06E11200630.pdf"], "files": [{"url": "https://www.edt-sg.com/intranet/fondos/FBK06/MFBK06A05200630.pdf", "path": "full/90b37ae4507c93e789a4528b0961fdc18104f99b.pdf", "checksum": "8f734f9486e30c423d6b2ffe5a9bb1bc"}]},
{"file_urls": ["https://www.edt-sg.com/intranet/fondos/FBK06/MFBK06E11200630.pdf"], "files": [{"url": "https://www.edt-sg.com/intranet/fondos/FBK06/MFBK06E10200630.pdf", "path": "full/26dd7ea8c7e6b4a15dd58df6326be1c32a039af4.pdf", "checksum": "e7736e72b7f7a524dcf844325ed14c9d"}]},
{"file_urls": ["https://www.edt-sg.com/intranet/fondos/FBK06/MFBK06E11200630.pdf"], "files": [{"url": "https://www.edt-sg.com/intranet/fondos/FBK06/MFBK06E03200630.pdf", "path": "full/d38e3a1df22a622318d63f27fc2327a04a0cef49.pdf", "checksum": "6384ee96794a108166bfb9ca6c54d644"}]},
{"file_urls": ["https://www.edt-sg.com/intranet/fondos/FBK06/MFBK06E11200630.pdf"], "files": [{"url": "https://www.edt-sg.com/intranet/fondos/FBK06/MFBK06E04200630.pdf", "path": "full/e060216fe7258a6286fd2c832e683e0284af6b61.pdf", "checksum": "fdd61a136b70a81bfc0d0b7ab5e49cde"}]},
{"file_urls": ["https://www.edt-sg.com/intranet/fondos/FBR17/MFBR17E11200630.pdf"], "files": [{"url": "https://www.edt-sg.com/intranet/fondos/FBR17/MFBR17A02200630.pdf", "path": "full/a2362bead5d96f43904c043344bbdefeb1d10cfd.pdf", "checksum": "f626ad20a835a1def2b12dcab1bccb73"}]},
{"file_urls": ["https://www.edt-sg.com/intranet/fondos/FBR17/MFBR17E11200630.pdf"], "files": [{"url": "https://www.edt-sg.com/intranet/fondos/FBR17/MFBR17A01200630.pdf", "path": "full/a58b3cf49c130f10590923a79d1ba792040d3cc2.pdf", "checksum": "ea4366d5c225baa250a759e4c8311c7d"}]},
{"file_urls": ["https://www.edt-sg.com/intranet/fondos/FBR17/MFBR17E11200630.pdf"], "files": [{"url": "https://www.edt-sg.com/intranet/fondos/FBR17/MFBR17A04200630.pdf", "path": "full/08b47894d0ad1d409236a016147d5beb07a95782.pdf", "checksum": "794be7ccc026ca93fa08772d2afb179a"}]},
{"file_urls": ["https://www.edt-sg.com/intranet/fondos/FBR17/MFBR17E11200630.pdf"], "files": [{"url": "https://www.edt-sg.com/intranet/fondos/FBR17/MFBR17A05200630.pdf", "path": "full/53ee210bd91fce19710565c9f3756f519405ce83.pdf", "checksum": "e61468887dd831efa89a71a94d96ff26"}]},
{"file_urls": ["https://www.edt-sg.com/intranet/fondos/FBK06/MFBK06E11200630.pdf"], "files": [{"url": "https://www.edt-sg.com/intranet/fondos/FBK06/MFBK06E11200630.pdf", "path": "full/b36d7a3eff1a880f040684008f3659692fbfdb1e.pdf", "checksum": "bbb4e3e3f6ef465717d502cd0752d82c"}]},
{"file_urls": ["https://www.edt-sg.com/intranet/fondos/FBR17/MFBR17E11200630.pdf"], "files": [{"url": "https://www.edt-sg.com/intranet/fondos/FBR17/MFBR17A07200630.pdf", "path": "full/05680fac2d70cd87a09b944500406f681293b1a1.pdf", "checksum": "61c597213a271e93d50e174220cc21b9"}]},
{"file_urls": ["https://www.edt-sg.com/intranet/fondos/FBR17/MFBR17E11200630.pdf"], "files": [{"url": "https://www.edt-sg.com/intranet/fondos/FBR17/MFBR17A06200630.pdf", "path": "full/7e7d19606a89721107036ce5fde79cc3ff9d3acc.pdf", "checksum": "cf913396ab7473302de6071b33f73928"}]},
{"file_urls": ["https://www.edt-sg.com/intranet/fondos/FBR17/MFBR17E11200630.pdf"], "files": [{"url": "https://www.edt-sg.com/intranet/fondos/FBR17/MFBR17E01200630.pdf", "path": "full/61b8349d3ada5ae42b0a9c3282d66917afc064b5.pdf", "checksum": "6ff1e5d44c767d57845b0db3adcc2b02"}]},
{"file_urls": ["https://www.edt-sg.com/intranet/fondos/FBK06/MFBK06E11200630.pdf"], "files": [{"url": "https://www.edt-sg.com/intranet/fondos/FBK06/MFBK06E09200630.pdf", "path": "full/16dc5bb47e2cdb084f75a41325059cd59aa4ca17.pdf", "checksum": "5956d39c6db546ebea38b55fd920fbd4"}]},
{"file_urls": ["https://www.edt-sg.com/intranet/fondos/FBR17/MFBR17E11200630.pdf"], "files": [{"url": "https://www.edt-sg.com/intranet/fondos/FBR17/MFBR17A03200630.pdf", "path": "full/6a37e2c8bcef1fdfd4245ea3650e558d12d8aa30.pdf", "checksum": "41b231d4cc73cc758cd2dd3425fe5498"}]},
{"file_urls": ["https://www.edt-sg.com/intranet/fondos/FBR17/MFBR17E11200630.pdf"], "files": [{"url": "https://www.edt-sg.com/intranet/fondos/FBR17/MFBR17E03200630.pdf", "path": "full/547d972e75f4564c024b00410a47ec657ba4682a.pdf", "checksum": "2454fe3dce5afd120b7816e7d2f5b531"}]},
{"file_urls": ["https://www.edt-sg.com/intranet/fondos/FBR17/MFBR17E11200630.pdf"], "files": [{"url": "https://www.edt-sg.com/intranet/fondos/FBR17/MFBR17E08200630.pdf", "path": "full/20607fc9d49900dde1b80ddb6f519e28f7702ff0.pdf", "checksum": "1e5158f5df510b9ed0c01426c032ba81"}]},
{"file_urls": ["https://www.edt-sg.com/intranet/fondos/FBR17/MFBR17E11200630.pdf"], "files": [{"url": "https://www.edt-sg.com/intranet/fondos/FBR17/MFBR17A08200630.pdf", "path": "full/97d1cb453737c1ed4eb1b09aa0d46cf1b5d5889c.pdf", "checksum": "0328a94e2f7409f54d0036c197a83e0f"}]},
{"file_urls": ["https://www.edt-sg.com/intranet/fondos/FBR17/MFBR17E11200630.pdf"], "files": [{"url": "https://www.edt-sg.com/intranet/fondos/FBR17/MFBR17A13200630.pdf", "path": "full/93c7879de2132a09e160bd718accaf8ddc3e4abd.pdf", "checksum": "607d4eff73ac58a87e7a56db849429a3"}]},
{"file_urls": ["https://www.edt-sg.com/intranet/fondos/FBR17/MFBR17E11200630.pdf"], "files": [{"url": "https://www.edt-sg.com/intranet/fondos/FBR17/MFBR17E04200630.pdf", "path": "full/767ab80447c8a16f836b458c082c9c80f7617ba4.pdf", "checksum": "1393637707342588ebea481720959f52"}]},
{"file_urls": ["https://www.edt-sg.com/intranet/fondos/FBR17/MFBR17E11200630.pdf"], "files": [{"url": "https://www.edt-sg.com/intranet/fondos/FBR17/MFBR17E02200630.pdf", "path": "full/e52af983253f440e3071cd0e0335e126d85b94af.pdf", "checksum": "d495de8720219682a31ab8b1be6753dc"}]},
{"file_urls": ["https://www.edt-sg.com/intranet/fondos/FBR17/MFBR17E11200630.pdf"], "files": [{"url": "https://www.edt-sg.com/intranet/fondos/FBR17/MFBR17E11200630.pdf", "path": "full/757d8b0487bc31357c9a566861c370800c679ffc.pdf", "checksum": "95703233925b35cc161aedecb7fcdc3b"}]},
{"file_urls": ["https://www.edt-sg.com/intranet/fondos/FBR17/MFBR17E11200630.pdf"], "files": [{"url": "https://www.edt-sg.com/intranet/fondos/FBR17/MFBR17E09200630.pdf", "path": "full/dea914158e22c1913b69bcb0e732e300e3225686.pdf", "checksum": "1a3ac346b277d395f7372e48966fac34"}]},
{"file_urls": ["https://www.edt-sg.com/intranet/fondos/FBK10/MFBK10E11200630.pdf"], "files": [{"url": "https://www.edt-sg.com/intranet/fondos/FBK10/MFBK10A04200630.pdf", "path": "full/7e295ce874624514898e2c35afaddf215ebbdd3a.pdf", "checksum": "294e45febd3c5617f7bc9fdebba93081"}]},
{"file_urls": ["https://www.edt-sg.com/intranet/fondos/FBK10/MFBK10E11200630.pdf"], "files": [{"url": "https://www.edt-sg.com/intranet/fondos/FBK10/MFBK10A01200630.pdf", "path": "full/436e77c994f8f2634190ff353722937b99c47748.pdf", "checksum": "d3e1c040a1719cd98840a3089d70d3f8"}]},
{"file_urls": ["https://www.edt-sg.com/intranet/fondos/FBK10/MFBK10E11200630.pdf"], "files": [{"url": "https://www.edt-sg.com/intranet/fondos/FBK10/MFBK10A03200630.pdf", "path": "full/93de78209bd5b7c18956cdc5d1100630155a3910.pdf", "checksum": "613db194c46bde4331c58cd66eeb7756"}]},
{"file_urls": ["https://www.edt-sg.com/intranet/fondos/FBK10/MFBK10E11200630.pdf"], "files": [{"url": "https://www.edt-sg.com/intranet/fondos/FBK10/MFBK10A05200630.pdf", "path": "full/5869c9865b8ec6dd0bf2ee74a9e79ea8c79c2f0b.pdf", "checksum": "d5d423e457564401992de9a6573b6ed7"}]},
{"file_urls": ["https://www.edt-sg.com/intranet/fondos/FBK10/MFBK10E11200630.pdf"], "files": [{"url": "https://www.edt-sg.com/intranet/fondos/FBK10/MFBK10A02200630.pdf", "path": "full/7b79794a446b401c49acecc1bb2207ca3331772f.pdf", "checksum": "e969998738688b52f2c55aa224e90754"}]},
{"file_urls": ["https://www.edt-sg.com/intranet/fondos/FBK10/MFBK10E11200630.pdf"], "files": [{"url": "https://www.edt-sg.com/intranet/fondos/FBK10/MFBK10A08200630.pdf", "path": "full/289accfd1bc89b3cc2c31d2995a99fba29158d85.pdf", "checksum": "fef61929090204e4f59d6b2695b3e1e9"}]},
{"file_urls": ["https://www.edt-sg.com/intranet/fondos/FBR17/MFBR17E11200630.pdf"], "files": [{"url": "https://www.edt-sg.com/intranet/fondos/FBR17/MFBR17E10200630.pdf", "path": "full/d7de979b546b36d6d071b26756a1b8b6f0a31d8a.pdf", "checksum": "3814e302a40d22666b4f78f471c87b04"}]},
{"file_urls": ["https://www.edt-sg.com/intranet/fondos/FBK10/MFBK10E11200630.pdf"], "files": [{"url": "https://www.edt-sg.com/intranet/fondos/FBK10/MFBK10A06200630.pdf", "path": "full/35cecf2fd78d2c1723c14c329802452bf034dfe4.pdf", "checksum": "1c23a6b7b7130f1cd663da3ffee23c83"}]},
{"file_urls": ["https://www.edt-sg.com/intranet/fondos/FBK10/MFBK10E11200630.pdf"], "files": [{"url": "https://www.edt-sg.com/intranet/fondos/FBK10/MFBK10E02200630.pdf", "path": "full/83addc5a8b836865981e2ba280f70eae351f434e.pdf", "checksum": "ff137310ca7a4275671c53ed1b9b592d"}]},
{"file_urls": ["https://www.edt-sg.com/intranet/fondos/FBK10/MFBK10E11200630.pdf"], "files": [{"url": "https://www.edt-sg.com/intranet/fondos/FBK10/MFBK10A07200630.pdf", "path": "full/9ec4d13298e3f4d887a667618034ead2a87d1dfa.pdf", "checksum": "daba4aa224f6e14e2f650d746fdae73b"}]},
{"file_urls": ["https://www.edt-sg.com/intranet/fondos/FBK10/MFBK10E11200630.pdf"], "files": [{"url": "https://www.edt-sg.com/intranet/fondos/FBK10/MFBK10A13200630.pdf", "path": "full/ebc230c992c899adc9e6e0bb86df386f0cb23db2.pdf", "checksum": "0f866f14a9c203e1b38a2483412f953a"}]},
{"file_urls": ["https://www.edt-sg.com/intranet/fondos/FBK10/MFBK10E11200630.pdf"], "files": [{"url": "https://www.edt-sg.com/intranet/fondos/FBK10/MFBK10E01200630.pdf", "path": "full/aad8ff21f13d14aeb97eb7745e4f8d880ca74c3d.pdf", "checksum": "2cd621a7b48a7c7a55d0e8b05b35e5d7"}]},
{"file_urls": ["https://www.edt-sg.com/intranet/fondos/FBK10/MFBK10E11200630.pdf"], "files": [{"url": "https://www.edt-sg.com/intranet/fondos/FBK10/MFBK10E04200630.pdf", "path": "full/3f0ecc12eff030c00d36f5475785ebf0fa105b03.pdf", "checksum": "abf77f8749d1b4b07591000c86cf8f25"}]},
{"file_urls": ["https://www.edt-sg.com/intranet/fondos/FBK10/MFBK10E11200630.pdf"], "files": [{"url": "https://www.edt-sg.com/intranet/fondos/FBK10/MFBK10E03200630.pdf", "path": "full/9ab319c21afb157078a256e31c7390a0ad8d8ace.pdf", "checksum": "0cb46573f2b036557cffafe474884138"}]},
{"file_urls": ["https://www.edt-sg.com/intranet/fondos/FBK10/MFBK10E11200630.pdf"], "files": [{"url": "https://www.edt-sg.com/intranet/fondos/FBK10/MFBK10E09200630.pdf", "path": "full/cdab936c0b356459a702bbbdc56f900c66abf4f4.pdf", "checksum": "31ddd4499f2625544fb61a33981f795c"}]},
{"file_urls": ["https://www.edt-sg.com/intranet/fondos/FRH07/MFRH07E11200630.pdf"], "files": [{"url": "https://www.edt-sg.com/intranet/fondos/FRH07/MFRH07A01200630.pdf", "path": "full/fb793fb6e81497f96ac08421f5a595f3081aa842.pdf", "checksum": "d81f26a1477f254f448a650133b21645"}]},
{"file_urls": ["https://www.edt-sg.com/intranet/fondos/FRH07/MFRH07E11200630.pdf"], "files": [{"url": "https://www.edt-sg.com/intranet/fondos/FRH07/MFRH07A02200630.pdf", "path": "full/0e8deb54cb47dd3c77c70d026608bb542b1e7ce1.pdf", "checksum": "24601438c971c1255de3e0e81eec1127"}]},
{"file_urls": ["https://www.edt-sg.com/intranet/fondos/FRH07/MFRH07E11200630.pdf"], "files": [{"url": "https://www.edt-sg.com/intranet/fondos/FRH07/MFRH07A03200630.pdf", "path": "full/db05ac95db61859470297e00c6cf8dc4bbbb603e.pdf", "checksum": "18f2e2a94cc64bbb3023a02e5b3c49f3"}]},
{"file_urls": ["https://www.edt-sg.com/intranet/fondos/FBK10/MFBK10E11200630.pdf"], "files": [{"url": "https://www.edt-sg.com/intranet/fondos/FBK10/MFBK10E10200630.pdf", "path": "full/51c6f095f9788cb01fe9ddbfce422a9ec1be0f0e.pdf", "checksum": "ef162eead683341fc870f0d1448be453"}]},
{"file_urls": ["https://www.edt-sg.com/intranet/fondos/FRH07/MFRH07E11200630.pdf"], "files": [{"url": "https://www.edt-sg.com/intranet/fondos/FRH07/MFRH07A04200630.pdf", "path": "full/b3e1979d71ac3c64d710b0cebc55820b55f7e95e.pdf", "checksum": "6b4c6e52c681efdb2d42d4ea45f9926e"}]},
{"file_urls": ["https://www.edt-sg.com/intranet/fondos/FBK10/MFBK10E11200630.pdf"], "files": [{"url": "https://www.edt-sg.com/intranet/fondos/FBK10/MFBK10E11200630.pdf", "path": "full/99854067336abf5960518bb8b381117d2f623959.pdf", "checksum": "6570b440353cc4a901f2a403426b7b5c"}]},
{"file_urls": ["https://www.edt-sg.com/intranet/fondos/FRH07/MFRH07E11200630.pdf"], "files": [{"url": "https://www.edt-sg.com/intranet/fondos/FRH07/MFRH07A05200630.pdf", "path": "full/77fdabbcbcc0d648f4814180b1ef9c96da93a736.pdf", "checksum": "fe2e13987aa8e8bcf12746f9a4e40051"}]},
{"file_urls": ["https://www.edt-sg.com/intranet/fondos/FRH07/MFRH07E11200630.pdf"], "files": [{"url": "https://www.edt-sg.com/intranet/fondos/FRH07/MFRH07A06200630.pdf", "path": "full/a2a2c28bdea08b2245d3e2f7d96facd1d72ba91d.pdf", "checksum": "e764772d39ae31696ade69c362825b25"}]},
{"file_urls": ["https://www.edt-sg.com/intranet/fondos/FRH07/MFRH07E11200630.pdf"], "files": [{"url": "https://www.edt-sg.com/intranet/fondos/FRH07/MFRH07A08200630.pdf", "path": "full/aa1dd84c4c7b3a367987bea4ad6ffd09f9be5928.pdf", "checksum": "f6774c3c7778d0a6b4c890b7990d96f7"}]},
{"file_urls": ["https://www.edt-sg.com/intranet/fondos/FBK10/MFBK10E11200630.pdf"], "files": [{"url": "https://www.edt-sg.com/intranet/fondos/FBK10/MFBK10E08200630.pdf", "path": "full/b049b6da2f1670acb1b8e5102761249551ab74d7.pdf", "checksum": "d0432ed090524c390e1921c2fdd8a28f"}]},
{"file_urls": ["https://www.edt-sg.com/intranet/fondos/FRH07/MFRH07E11200630.pdf"], "files": [{"url": "https://www.edt-sg.com/intranet/fondos/FRH07/MFRH07E01200630.pdf", "path": "full/fe8ba30f575a32a1fb5747a4a3552cf2c266bddc.pdf", "checksum": "649640dd74bbc02371ed06d78ec1c4a7"}]},
{"file_urls": ["https://www.edt-sg.com/intranet/fondos/FRH07/MFRH07E11200630.pdf"], "files": [{"url": "https://www.edt-sg.com/intranet/fondos/FRH07/MFRH07E03200630.pdf", "path": "full/b898227d1cfb0e42c4f93382d78dd98cbd2aa739.pdf", "checksum": "d6eee84fc10f6457c6fb8a0e1f09d2e2"}]},
{"file_urls": ["https://www.edt-sg.com/intranet/fondos/FRH07/MFRH07E11200630.pdf"], "files": [{"url": "https://www.edt-sg.com/intranet/fondos/FRH07/MFRH07A13200630.pdf", "path": "full/0eba5ff3c2bc6e4b8bd7ceea2cfc772f7294d9d6.pdf", "checksum": "7fa4cc41b7881a4990fc9ce70026ce79"}]},
{"file_urls": ["https://www.edt-sg.com/intranet/fondos/FRH07/MFRH07E11200630.pdf"], "files": [{"url": "https://www.edt-sg.com/intranet/fondos/FRH07/MFRH07A07200630.pdf", "path": "full/495a24346ac78c3da266a9a0e0b59d4ff7806e77.pdf", "checksum": "cbb8d1447dc73fb362480d1c43221903"}]},
{"file_urls": ["https://www.edt-sg.com/intranet/fondos/FRH07/MFRH07E11200630.pdf"], "files": [{"url": "https://www.edt-sg.com/intranet/fondos/FRH07/MFRH07E08200630.pdf", "path": "full/57bd210d1fa5562b79e0543e2e5f1e216208ac80.pdf", "checksum": "c2d5dccc0d8476c66d7743721c9fa7e9"}]},
{"file_urls": ["https://www.edt-sg.com/intranet/fondos/FRH07/MFRH07E11200630.pdf"], "files": [{"url": "https://www.edt-sg.com/intranet/fondos/FRH07/MFRH07E10200630.pdf", "path": "full/dd9d8aac78e1678793e98a0e2031edc66396f65a.pdf", "checksum": "c3e9db4df09f9bf359d91c697ab18a5f"}]},
{"file_urls": ["https://www.edt-sg.com/intranet/fondos/FRH07/MFRH07E11200630.pdf"], "files": [{"url": "https://www.edt-sg.com/intranet/fondos/FRH07/MFRH07E02200630.pdf", "path": "full/907d0b2f792e4ad25e0534ec967c1852b88313ac.pdf", "checksum": "d56c9d1252ec278ea5d20b2d8352cc5c"}]},
{"file_urls": ["https://www.edt-sg.com/intranet/fondos/FRH07/MFRH07E11200630.pdf"], "files": [{"url": "https://www.edt-sg.com/intranet/fondos/FRH07/MFRH07E11200630.pdf", "path": "full/75683f07ce656b49b2be06ecd52595f456e7b894.pdf", "checksum": "ffdbc0631b902b37a0add72307994791"}]},
{"file_urls": ["https://www.edt-sg.com/intranet/fondos/FCAV8/MFCAV8E11200630.pdf"], "files": [{"url": "https://www.edt-sg.com/intranet/fondos/FCAV8/MFCAV8A01200630.pdf", "path": "full/fa9ed4409a368de7ffc685ca7d6cba75a229dc84.pdf", "checksum": "a9211d19ffe2c2befef1de9f54168096"}]},
{"file_urls": ["https://www.edt-sg.com/intranet/fondos/FRH07/MFRH07E11200630.pdf"], "files": [{"url": "https://www.edt-sg.com/intranet/fondos/FRH07/MFRH07E09200630.pdf", "path": "full/8a02e91797d2f5c38ea39820ea88f7d5542c953c.pdf", "checksum": "84f852595cfc27dd617673f2593e7e98"}]},
{"file_urls": ["https://www.edt-sg.com/intranet/fondos/FRH07/MFRH07E11200630.pdf"], "files": [{"url": "https://www.edt-sg.com/intranet/fondos/FRH07/MFRH07E04200630.pdf", "path": "full/61573cd666b1d75a8aa088ab6dff10db1c0993da.pdf", "checksum": "4b98b6555c4edd2d02c5e9f273ae5148"}]},
